speed,engine_temp,fuel_consumption,vibration,cargo_weight,label
27.483570765056164,94.38283805975998,116.3420711779032,1.6391312233313733,5185.175536829914,0
24.308678494144075,79.83955271782627,147.4975283829637,2.088410436069699,5425.444864184172,0
28.23844269050346,85.96120776940984,107.0807164175093,1.7266599577063673,5222.289855800854,0
32.61514928204013,80.37724711294958,104.01615986699493,1.8641724448369734,6278.865813313393,0
23.829233126383322,80.65503772567685,110.34512955635935,2.8367260451492684,4047.683619261203,0
23.8293152152541,81.90827876531361,100.93342783482575,2.6702305258951737,4323.004861541469,0
32.896064077536955,87.22133771633713,122.4534063198959,1.3502093815362013,4227.340554729176,0
28.837173645764544,80.21251378336522,152.4935691693912,2.4148662089395874,5830.19181186261,0
22.65262807032524,97.55756125573521,126.46158546232058,2.405698277245796,5900.398588395064,0
27.712800217929825,76.05392697780496,114.95292995747425,1.4258683556236909,5451.225319318508,0
22.682911535937688,83.13128355838641,114.16377462168911,2.4093888218774304,6183.493666889928,0
22.671351232148716,80.60268941725825,88.73618382606686,2.7689659592062763,3821.9591326236196,0
26.20981135783017,99.46977884353733,137.66219554294318,1.438727596877793,6667.224111551137,0
15.43359877671101,86.96554776511574,118.44325605974396,1.5412485894928682,6523.2386217122585,0
16.375410837434835,95.31844539468635,116.39040172818748,2.5088307334217514,5735.621997245747,0
22.188562353795135,70.14439626963028,183.86215135689721,2.135747655412824,6781.79890877106,0
19.93584439832788,87.67050265869258,125.97505816731372,2.2757381376197614,3343.3767923222263,0
26.571236662976368,93.89630795623437,104.96417899809632,2.1702946082002486,4475.551863737348,0
20.459879622393945,85.82283989275425,111.47284807588913,2.195347960464072,4264.696539318048,0
17.938481493323543,95.65480375065351,142.9689141839351,1.3367639358444585,5721.479323757343,0
32.32824384460777,79.82711549899628,122.26540821075528,2.523658853310724,3949.859260397854,0
23.871118497567323,99.0934744018558,91.23444043365267,2.584794996213887,5757.495149337486,0
25.33764102343962,107.9889812361925,138.38457869150406,1.8853046279659862,6370.536143996714,0
17.87625906893272,81.37161439560342,106.63711828922013,1.9782615250930689,5695.202900083999,0
22.278086377374088,80.54497478599228,157.4659555243509,1.234446248722139,5283.751023661501,0
25.55461294854933,99.533844771177,141.60096131429296,2.2571273780089176,4012.126659099251,0
19.245032112888488,100.79572145730712,111.05356208682498,2.286028720857072,4153.149033874635,0
26.87849009172836,79.77139972846732,145.62032723470224,1.9689044915003444,6249.6189052966665,0
21.996806550405974,80.79813182904142,121.35711021054807,2.5621766799352512,5779.349003905332,0
23.541531251033618,82.18215391139493,137.05547350244439,1.8329613845100297,4960.980480622456,0
21.991466938853016,71.55549488965723,129.69465634588948,2.2823029629468,4582.0904542341095,0
34.26139092254469,75.81348053515802,103.07286690018253,1.490167830653942,2974.192126888623,0
24.93251387631033,74.95859233247933,107.12900335365076,1.988223924562881,3929.147581315561,0
19.711445355220498,77.32202434895872,140.59921635162323,1.9128228710485822,6911.419087139723,0
29.112724560515943,84.65315112613219,113.30449335786918,2.1126539610204706,3719.544428997533,0
18.895781750144888,87.3421473253652,111.92703073516006,1.8152365355833207,5189.479821221081,0
26.044317975023777,100.50500492814076,100.89754841301294,1.934263702164166,6007.443973195199,0
15.201649380601122,75.0164595926121,128.47198131186923,2.413023585720753,3745.0773319977075,0
18.359069755507846,94.84322398476584,161.2504983848629,1.7816178813808912,5184.710474781084,0
25.984306179345616,82.86011155774491,98.64934171491454,1.1967114496306603,5937.915537510655,0
28.692332899977053,84.50536290347567,120.48438913345517,2.8747919521027105,5012.49932190725,0
25.85684140594985,91.74819492166604,148.24441110830858,2.6907270393452434,7868.4030556667685,0
24.421758588058797,73.77277978437701,118.40717217508569,1.3538686524471908,3331.4007411218045,0
23.494481522053555,88.82409746184051,129.0474359249947,2.344853902622597,6058.728529883879,0
17.607390048162863,86.66452208213056,98.75212943706241,1.7485126147243284,4827.198262603536,0
21.400778958026457,89.92451264008149,128.56614194415297,2.1317436076655296,5771.9201548366755,0
22.696806145201062,87.89168643907819,116.25711469990902,2.147112064506747,5441.307151699246,0
30.285611131094576,109.55300139910895,139.71459991359725,1.882796099841839,4266.843802890004,0
26.71809144784231,78.62260015748684,143.74772103129501,1.6081171672068018,5228.99639245934,0
16.18479922318633,79.69003044998182,171.79127284037227,1.6547294738418703,3142.0985486017125,0
26.620419846973974,78.76859473575236,131.5926634642715,1.5419040422593788,5603.247500571394,0
23.074588597918417,79.44522880839746,126.51592633164333,1.5840888958847776,5298.158465990526,0
21.615389998470206,78.62612872693482,123.88768603154672,1.9664108549753223,5638.660168643102,0
28.05838144420434,96.89016531107552,112.93667414378623,1.642120005444624,6058.11832508715,0
30.154997612479754,99.20504247989855,126.76967686923382,2.34102603285631,5367.619840209711,0
29.656400595580994,79.29253706250523,114.09197179721941,2.7436230776679635,5148.089419798276,0
20.803912383886807,76.67644426895771,123.36921952539228,1.7099733793149785,4118.931663338708,0
23.453938120743928,89.71415556386404,146.35195071215918,2.1197022502676885,4287.779236350949,0
26.65631715701782,79.47776955719029,99.86914869440717,2.249842555151467,6186.734620177331,0
29.877725635611796,91.32931817755511,142.7975712225809,2.236001135459637,6436.335405705979,0
22.60412881077355,87.029230208513,146.3423013467973,2.0379776339580435,4761.889563687946,0
24.071705116680914,69.84255885002769,117.63862946017842,2.371341209179861,5046.002747253274,0
19.46832512996986,100.47505201330061,77.5629020198281,2.2411244763403286,4095.385625006234,0
19.018966879596647,102.95877673095522,107.84356025811135,1.381168788836351,6172.756845267445,0
29.062629111970992,78.87211309515614,145.93989093122218,2.4345780321946364,5665.4168236917785,0
31.781200142854114,81.12298440064016,119.54263875402236,2.443645418633371,6941.217436463749,0
24.63994939209833,87.85865390724905,100.01395535410178,1.6183569479107092,4121.676922820261,0
30.01766448946012,88.34456789987026,109.90450157543565,2.018968917723801,4621.992100981783,0
26.80818012523817,91.5854427267283,136.81240053009105,2.3416644964055346,5231.445922525572,0
21.77440122697438,105.1020453876635,130.9346713640276,1.8953430902103192,5646.489537725771,0
26.80697802754207,83.2305277250595,115.22135801660612,2.536489023883006,4784.332362452367,0
32.690182832329846,77.01702755461547,112.66351176370625,3.1819362473096806,4127.0389095463,0
24.820869804450243,71.20680771985472,112.16483701912357,1.607006983682509,5881.407528923572,0
32.82321827907003,77.69069960058081,101.55179631002994,1.3094776984231125,5721.135362545581,0
11.901274479551278,84.66873027126204,152.30751378938885,2.1519092978024377,4083.725899436275,0
29.10951252187612,102.94557863517788,113.5535906157732,2.3607812525630716,6355.442801105496,0
25.435235341190857,79.82388700963828,144.34317041650993,1.8845668130776154,6170.198709196604,0
23.504963247670663,87.23787951638899,150.42632103844903,2.726630331660517,5134.296497247793,0
25.45880388267751,84.83577103927247,139.9662179629592,1.3306971001383756,5079.597862376037,0
15.062155426995536,96.88393273448084,111.36759374563903,2.3464593115158054,5554.057771115908,0
23.90164056081244,110.26932425873622,128.07460180673218,1.6970695896205532,4138.296929743742,0
26.78556285755873,79.6913122707968,119.51608787218167,2.8596889531036482,5030.031479164082,0
32.38947022370758,80.10560557481777,101.92596278539745,2.996257676584059,2847.6164553908197,0
22.40864890863176,95.44160877069072,126.48718563443207,1.616671706108326,5876.455645502936,0
20.95753198553406,91.81891489626311,96.41920417680396,1.72522143204571,3438.5067775581406,0
22.491214782077318,103.46707325736034,143.75358776923127,2.429793943489901,6503.419828428999,0
29.57701058851037,90.83928185325964,110.70765405403213,1.8064346751052427,4669.87990603355,0
26.643755548298422,81.40707909212941,124.02319311745678,1.977294391033881,4788.333018068824,0
22.351198981164806,90.9065483069231,125.66575743092284,2.012694210271205,4372.266093915494,0
27.56633716556678,96.08703580582907,114.82190052591845,1.040163421901172,4711.961126077924,0
25.4853877467402,93.20482181197364,131.7338760295055,1.9930811269528814,6418.531345148036,0
29.843224952664446,90.07274031107298,110.50192686754951,1.655136112967913,2512.1913434649205,0
21.489734530613237,95.66674689589154,137.42594594914488,1.753438588800114,6276.965386088188,0
23.361689267011158,96.69295590445672,93.08040639506503,2.721816001734407,5338.023481101708,0
23.039459234339212,98.82158991037527,122.52759159092824,1.3717465528603718,3792.9783521427844,0
17.682425259339407,91.48709887589642,158.7785799811657,2.4066025933739885,3924.687606950762,0
26.48060138532288,83.32881919683146,99.9933735078885,1.8605185348340958,6676.393027208203,0
26.305276360899448,86.46713686433323,106.44510058950297,1.8601199157520827,4054.4931200572687,0
25.025567283212304,97.06508966508358,130.2781569931783,2.3951859480258557,3846.6494894040407,0
23.827064333124266,76.83064329012764,123.59163563879196,2.170025647284445,6137.314542364729,0
17.92314628974793,88.68673308872901,127.01260198547118,2.2853064986097653,5338.552876285914,0
22.896773386173205,81.0666118767264,129.78374260295328,2.4840923302664306,4062.0744234636013,0
23.286427417366152,85.28744822934817,132.6944293712354,1.8343458084083386,5216.624975404619,0
20.988613653891903,97.78451862607298,142.19399683912445,1.6938816327461248,3974.2473163597224,0
24.193571441669953,86.91099068019903,128.19637313857027,1.457424736721101,6100.821398422605,0
27.020254284072692,85.46436548156149,115.17484690762915,1.5872947350105224,6061.370964873134,0
34.43092950605265,71.40143859020081,133.45147402405462,3.474547212654363,5532.006198821943,0
25.872889064159196,92.46253566027221,157.9976386979043,2.622339790368393,5361.661061247017,0
26.28775195361382,91.45484181141076,117.34732507234853,1.3244628168959893,6761.1881248673735,0
24.627770421169163,106.6325472330546,100.50941390658717,1.338771021628215,4999.686327388225,0
15.406143923504793,81.92221765046999,142.14161338573945,2.240933030859246,3818.125874579199,0
24.867430622753915,87.1915032766394,117.59237672092803,2.2736323986889833,5449.473912832307,0
25.301151049705133,87.49383683710755,76.54660907971927,2.2744419176586823,7086.047049537114,0
37.316210562426434,100.77453279763475,136.94843354300843,1.8725221032231512,3985.240506814148,0
24.038195176094387,84.04704467613048,109.29343628092154,1.93727286999855,4638.537233306014,0
26.507736711668063,87.7902152577034,118.18933435391679,2.1639397620796785,5416.446038101452,0
24.826441151473784,91.0789650971654,126.63960661138029,2.0429465031466654,4946.095150994261,0
19.15660981190234,86.86609123156359,123.80999359558133,0.8903498136262324,4017.6964196226854,0
30.714114072575104,80.53566385449471,134.18903634278078,1.8851001847124031,6121.857856230471,0
28.759665163433873,86.94089992898307,111.29027258860313,1.574296782869843,7320.040722017259,0
28.955159735215233,95.73631749859771,130.26211596352167,2.087605709454256,5196.131459023907,0
20.453062726026303,74.73484700588939,114.80906644832166,3.492629501301705,4095.931710264,0
32.013971554680495,86.32969674146877,134.77620961775006,2.1837408327371524,3451.039474946525,0
17.990744686038596,77.99879185060827,132.30734968026107,1.843235156913801,5257.9759812211805,0
27.934285469001352,96.95046628924842,101.29122595910809,2.460900750988626,6103.877343316258,0
35.952278129049894,69.76813095216225,141.71964232350064,2.2413439436046065,5475.167746495382,0
20.04731837434656,79.41078152728412,109.28073109771904,2.2100472452259208,4997.596159081146,0
22.16851135198614,88.7721187506452,136.1611559656229,2.3034252966078355,4410.728348210694,0
25.498256825438204,100.65524029234341,127.34574626802682,3.0282717824147705,3907.8363672819105,0
22.482621729419005,84.34249738927012,156.76367353590246,1.4345557823370423,5834.751326324882,0
17.246682844669337,79.44800473306802,115.53068035256295,2.236816038405727,5913.771621385586,0
25.342814874030136,103.8115706944059,113.01366407763605,1.5368094350092307,3454.270213309267,0
19.688481431369475,70.51986099583756,119.61160788224535,2.277756323171124,6589.838978180684,0
27.36796215317591,63.01194043379918,113.93640434331449,1.5406567442569528,5574.071220894001,0
20.402878828830985,89.40014450053333,135.998838038841,1.7913165931974577,6399.594645145793,0
32.7496720250877,79.97945775647389,87.67378783126824,1.852455042881047,3657.8722515148847,0
21.083733538318814,74.78767182869287,98.92635161707292,2.4879083596723546,3634.175844584561,0
23.38969241897162,92.08356447299353,98.64394156841614,2.459227221971207,4851.030690232703,0
29.067586086848348,87.43800713771199,139.0061518394715,1.3771413117768079,5502.784426895194,0
18.845678417830225,79.35921369263272,154.2122674516385,2.0274670554999243,6796.360822926964,0
26.137299673020646,72.19695601329106,117.91101562925057,1.6452100726254137,5706.078913815131,0
31.53571377141214,93.72457328280144,116.62356553619979,1.3707475446623327,4757.3187231879665,0
16.96258382719386,91.50201177958661,121.40104326226363,1.8914914747878149,3973.630792334108,0
25.92316929266152,84.00824136220618,143.2375660521638,1.84575860577209,6230.00057271915,0
26.299413971242117,103.46636996047665,101.45293731618852,3.2133582431727614,4035.2945742492852,0
28.90911435888655,74.29915233673847,124.7673796546957,2.2164799126803483,6628.468554772322,0
18.81524644560959,69.74474829075261,139.5039525956486,1.3111912496228815,4715.615350393491,0
18.397716934578618,78.08091930118755,130.02188339879692,1.717612997914529,6590.58207261785,0
27.60970782808449,84.54413983644503,123.79163233197487,2.510691647714699,5678.931290059279,0
26.48492336616593,87.43339449322691,140.02092185134282,3.0442213864349625,4863.004510557542,0
26.252464251729382,82.5876394214367,65.93535414001525,1.2070083438810209,4480.603628173873,0
26.732241047484877,88.52055396514297,133.55750639061816,1.0600378074304775,4659.09212265392,0
21.599876392107547,72.48460575809555,106.91848633745153,2.935482587685891,5428.316692375238,0
26.161268485805017,99.4376460407326,83.38734206287086,2.194807088685452,5077.156496217717,0
26.465362366493405,84.17848821607431,130.22405199049962,1.5658536340618168,4406.1885919312945,0
21.42824290986816,96.17295831588127,147.47317090325916,2.2673145430612176,4834.368589682368,0
34.328872555723784,88.42725346377703,117.25102970744616,0.6821261304915611,5078.57702971915,0
27.36916460455894,89.56753219153784,139.05749094405877,2.0016877532985804,2871.2659055851877,0
19.043482513986756,90.69767280232205,152.24556515977292,2.1639105864215424,5458.168114788698,0
28.28276804316915,89.47708560017315,146.29828907168095,2.462135069768915,4020.278775283193,0
20.126591648863393,91.42722759867544,152.79929058742786,1.493052023853731,3846.6675967942547,0
28.93542301871226,98.29152530132431,134.84254982143784,2.0428435807016796,3312.6556528892897,0
30.79297789503702,86.9652116970147,121.50867277803185,1.5372876869702063,3206.1075021321094,0
20.89658840824145,92.09003757588512,87.96068376205663,2.1276918778371585,3644.5524968877107,0
29.81688064622161,84.10264305712774,115.07875023740102,1.5523268388184879,4290.979042369509,0
27.06390463468249,99.40117215449473,103.13506809367617,1.7959495804198897,6953.259137526568,0
29.11030079997245,78.2360769794073,163.4188543499563,1.5020923026048854,4474.120324104796,0
34.48396491326974,103.00940432910815,116.48228375135326,2.3255681209118286,5177.750106268031,0
23.773059419985646,84.59842049355656,122.46409613568972,2.4292255583283326,5400.481386506329,0
21.23131917821255,70.69224897881952,131.02970752080935,1.8826897150212931,5131.065186215848,0
20.552427851872384,86.2810441491079,120.87204892744907,2.0191189974800143,4922.556539274006,0
20.920948575172808,78.1894834252512,153.90102080861504,1.275704292683228,3804.706236400755,0
24.614491452929478,93.40643548988724,107.54701276531097,1.8501616759966064,6450.927548279212,0
26.70575987408322,78.4737602069761,123.89214910474486,1.9748976914791276,6807.196643637885,0
26.383453996650097,80.5381656678522,105.15058828603904,3.3103965455149877,3317.341305877314,0
29.13591624518012,66.10459269054469,93.59954977558588,1.4440164871129182,3975.97140911362,0
25.065009459389536,80.47693680750923,107.76461818189429,2.732088619376219,4720.189657622994,0
32.26767038578659,60.76120673371044,119.25926405903176,2.498429386732904,4035.462205089809,0
23.67671583381022,69.16097176514276,111.4139555096548,2.1403182022450684,5505.965553455865,0
38.600845832948096,92.60414656144297,106.15158040252288,2.8793102420975667,4271.727797593387,0
28.12833673882503,92.85800158650832,91.87365072656333,2.1860527363034317,7165.056067806603,0
20.714212217918586,89.25457561784965,118.3378885474261,2.194579597833964,6190.548594343596,0
19.64553750969444,75.33023856870787,89.90559251937995,1.9734396734912274,5212.574030632215,0
27.412362076215928,84.5228864385802,135.20111927379205,2.6117844412093136,6026.986263319732,0
23.882686073370746,84.96397460909432,121.64879505869007,2.5482346169054417,6105.900424357309,0
28.57000247046046,73.41635310807457,90.8489700107014,1.687161356251894,4436.052511941757,0
27.366188122867726,100.0339830176715,113.81581845900273,1.3403764027006164,4183.782755458035,0
24.635855436715637,93.77362290575671,104.95687188818833,1.8985096813021713,5078.143062969648,0
20.766031409657977,82.79035826170336,126.3834902083836,1.5999807178011767,5861.636124497944,0
17.425763876570677,85.26885838994531,146.8090089204629,1.9682377126923225,5139.060398653418,0
22.767425239664895,87.08382807947552,82.49655060708511,2.6187190673420697,3423.003517809003,0
29.28199397161736,64.58265131575709,122.30052158294835,1.771349172456605,4197.175556049157,0
26.07046872065102,82.52822617479403,116.79734408866719,1.9785883093442125,4926.027136405622,0
18.771306106440058,78.18015752002202,133.4268015290093,2.0290113674041974,4924.33439567417,0
25.86590462925591,74.98379990105084,124.26393256475379,2.424215441102642,6972.542176789808,0
26.926586898644185,82.18899707114045,104.96061336522362,0.8765553330076974,3614.012057601002,0
20.580712818994336,102.97686526849523,113.61892128666764,1.6966498526173517,5505.589241835874,0
25.76862552972764,91.4084286126701,104.07948286393022,2.1056418461397364,6489.11310832829,0
25.29104359223,79.28821010217203,141.52014277197196,2.6000394782134304,7271.449745422796,0
19.285148510846884,90.72582781356158,120.42623297343884,1.7540487762468975,4595.602576816039,0
26.788936801741418,98.99355436586002,158.02381371506016,1.061723646979063,5491.4294527202,0
27.80392263184117,94.24633682912769,118.78678372370759,2.3098557229830683,5569.760357198647,0
30.415256215876383,85.59630369920174,105.83186466179075,1.6823188055871854,5195.481731553291,0
30.269010260174515,78.53063222294426,89.72571214774345,1.4051666704548194,4901.154798760694,0
18.111653160214544,91.9822331361359,83.9372064748811,1.6878273051433879,5435.975389500046,0
20.310874800424386,88.9348538542175,88.31728113989021,1.9077373211720752,2467.7539147803145,0
27.5751763360433,93.95193220027733,125.34253302022967,1.6976276677308937,5682.069490062631,0
27.568929754561044,91.35171801681969,130.17450046459868,0.8972169714504654,5126.177903661967,0
27.575238431530238,95.49552715319335,88.37618595935733,2.448533098443566,4777.525103221735,0
44.26365745327361,79.64764788439432,137.9007662815223,2.637437520639361,7046.862195719557,0
27.854452553465833,98.17394065634326,110.3387789663312,2.3257609956697527,4325.065981209447,0
30.677828200902994,86.975996046924,122.93586023971099,1.4311571647875918,4596.924010934969,0
29.770008817466014,105.75260872625265,152.2444125651085,1.899254233026241,6991.553302204734,0
28.25695625652899,78.10812181910433,137.93678631731063,1.996739342385271,4167.938695150144,0
23.42365377679827,102.3596380316525,114.62938704188335,2.2993971947809553,4449.884717063461,0
28.794846102466337,86.97910783462648,102.17615549169426,2.3341702443590404,4852.97457656915,0
21.13587392731214,78.48581996385552,76.9636919734139,1.632913100610752,5840.734482129549,0
23.815906966299956,80.16114165945679,105.6169336151516,2.0409977782067803,5207.802507353314,0
22.573182260854484,81.7965269180568,115.7773952234461,2.2286402023076204,3707.3746528477377,0
25.409370696931614,89.24165946401916,100.25640945697631,2.7279111610733833,4467.831436872811,0
36.573292833367546,90.228354880355,117.3748606581539,2.3522532699123615,4392.645566787789,0
15.66367403704126,79.26299996061421,121.53703765917537,2.3945283436877594,4922.778954776954,0
28.43130095187257,84.75645407739017,115.50288036383843,2.0419133139646806,5425.843658629829,0
16.936420644051744,106.42270358611864,106.9999483835308,2.705229572601752,5418.205755887972,0
22.640340671052833,102.27543170100711,123.37309343933455,2.2048813979797486,3223.9882459515975,0
30.444752984836832,89.36323669674032,128.83881299138818,1.5694560449132147,6063.940987560856,0
25.321400095477316,85.380034781682,98.19201845114307,2.7016849850625952,5252.568845996623,0
19.61127611035347,86.20031326718261,148.21864759492541,2.348951636269514,6384.532047593906,0
21.42348145370016,91.13517972730416,118.02823735431477,1.7784779894357587,5444.198327290672,0
28.39798874467338,74.77207434801595,120.37699245889695,1.7602535163003783,6101.322957735762,0
21.34816684141432,82.42623462576655,134.16428846513114,2.148287772570381,5466.545311450127,0
26.082292947909874,68.3141592612241,124.66432262527003,2.2315923976337926,6346.225756202748,0
25.22785919951907,88.9922312260528,139.0627326782649,2.0986461328156034,5522.250636017779,0
21.741998261970913,91.4719593970274,125.74248330403648,2.1556543367214425,4902.084753557096,0
35.719720446626624,80.16813537700627,107.75125250719124,2.84997868728819,7272.434720446881,0
28.169595111590056,100.73986763290033,127.23007050412204,2.535771576117443,5889.037122279892,0
14.874287066711965,72.7423433699766,97.12547585358676,2.095317795632512,5573.744421004413,0
25.93227157384714,70.3562511979018,122.17119411553047,2.4706552903837418,3723.695583461664,0
21.69106767615806,87.24451818559972,119.33540018711078,1.4837380482362303,3711.692382536462,0
29.26216667398112,95.47098302612154,115.83766285454921,2.1989635249734043,5292.7154821418535,0
21.037396307836495,101.83927691457869,117.42924977122138,2.904653174866555,5145.521197768241,0
24.426317792665504,80.4111573713106,82.36301909004722,1.8909770523038132,4385.877434991684,0
27.524936394902287,95.78680833431295,109.02550184518077,1.5761830356904576,5140.98269961206,0
29.328775970850607,84.61491530499293,121.85689802282229,1.6739555557034698,6588.626928043595,0
18.998517964721117,83.2737270005918,123.19712783994801,1.4551834813288058,5695.402474550298,0
23.327493820795258,93.83659937486672,99.44649718148084,1.6076190459361483,3858.991490247262,0
22.62527344419522,91.52322878413419,145.31415681729402,1.8147459507049855,4888.491172857056,0
21.73335383713144,69.2360784301575,102.67650303570998,1.2972164904106789,4195.033519147439,0
33.82727120140548,99.76540349725896,139.38914401053472,2.0078091669748015,4612.300083591439,0
27.024908554804778,98.80091354147451,128.5438872374337,2.4511385868933235,4586.3843343703575,0
18.695580228324772,78.7443729849047,107.07545380312393,1.5461219099265398,4522.3544173959945,0
29.58930973527388,88.95803533437409,155.50621785219025,2.7596419618208845,3744.864628026605,0
35.610780985063165,89.94030186282738,96.1272633648704,2.2553960442637973,4872.34531848181,0
30.162326302755734,87.60673765823907,138.38308347220004,2.5152902928120286,4439.39236315269,0
17.403150170229935,79.4969484615458,140.01164636085957,1.6710827230739316,2070.551309997732,0
22.578829635668743,78.28376632061949,106.58759581846711,2.427262613533308,7052.972024501663,0
31.334555745933113,84.74445929008554,147.84930600128658,1.4540330498023435,6088.769654216672,0
21.461652671906094,96.72729019259364,114.99906970802094,2.4451237504182544,4623.699275075004,0
27.219097140731144,90.43600154594432,125.77387258559715,2.0859196698967657,5018.8190497405985,0
28.873170267146683,81.29385667913894,125.20643677542441,2.276625609992392,3828.3456526824384,0
20.365347642109583,92.71698710648344,117.31382517058904,1.412202697187574,6695.722877810866,0
24.702373219691,56.51457379369924,136.21616546319564,1.5524650788616976,6897.288694773111,0
8.793663299654636,96.48765700372104,135.86977441104426,2.2986141091266923,5156.693728246524,0
19.878061793328552,67.60286221221901,85.02936053523638,1.5258259978878996,6023.5306441853445,0
23.7371592430342,81.37559058596868,146.08680485756304,2.2316031460495616,5175.286778933923,0
18.761084090175753,73.80330105373856,86.75016023928652,1.3164310967698771,3663.2745611240694,0
33.16205651965818,72.05318524279095,140.65092408683316,2.4240871063333342,4588.176631036343,0
17.849293110196836,96.6082678737852,142.53410273655166,1.3837383426157455,5131.9279667719575,0
22.799777566515083,80.32298798688109,98.18067139569604,2.2761499688397615,4545.452281256556,0
25.653702886430455,88.46503881730716,111.78371424090831,2.3128154668230003,4781.346722564964,0
32.20636644533058,84.53079421120816,97.88590663028128,1.6516140907852126,4908.600442490885,0
17.8206892441028,89.77040827223121,115.70157939422529,2.2910132835423633,4919.121502134539,0
30.815818760774796,85.76821891060256,113.83931431628517,2.130221131666778,5052.258490497483,0
25.051165305097935,72.1700777581143,135.5932106453868,1.730579071903631,3939.3949336033993,0
20.092456744760245,94.9626681944714,146.20617492239217,1.4957226579618959,4282.983850872064,0
27.310517371316354,80.06243416838687,147.91367621579911,1.0186871541637106,3715.4157343000306,0
25.99529847786735,69.4341810134025,108.75663946843396,2.1748250236498468,5977.8155496862,0
21.998915614206027,80.71884839034088,115.81556252510944,1.2175986143189723,2894.3530581596756,0
25.349010424950094,100.00759790634311,86.331236155581,2.047672099720654,6153.590343316926,0
23.0734320156912,93.50221742113493,103.88259867007622,1.8682758919588753,6386.349397262843,0
25.56758672625624,81.5134786559214,139.29703266194915,2.3395713877190976,4697.819413017379,0
28.310653372605234,81.50742295681572,152.31165647096464,1.8489772502550679,2396.8629121727013,0
32.93008408072676,81.78364948782617,95.31302256240156,1.8352761068264543,4638.689438032709,0
18.810922505865754,105.76747983560841,108.15071481694211,2.365935352144148,4935.815838711181,0
35.665166873281336,88.81935452231554,119.47188486082146,2.1675290145420587,3989.4017800710867,0
15.239561002387491,89.3004164719107,125.60322317639213,2.1580779785913893,4484.781606191757,0
24.241074524822082,95.30283454031843,103.80792960156708,2.234633794904263,6530.195198863352,0
27.941586032422883,87.38789159026514,128.4812208892818,1.232213938396447,5664.927162301741,0
26.404959338675162,82.40957854179297,110.52321305858167,2.378394339993491,4075.4358856219,0
21.88650240089703,83.03650150915021,119.71095458243441,2.306234397006801,3402.400830404568,0
23.959388748213623,84.28398740585936,130.925684960074,1.4916584357117513,4672.982682390229,0
22.534995326705836,84.62777763490159,120.12844539621875,1.8779597631628993,4786.543220649562,0
22.053176215278942,92.2762954363698,111.27228218946863,1.9803463561861845,5496.199187363316,0
29.248010485105123,85.519458858073,117.80780392148338,1.9327516077991336,4464.683287432341,0
26.785077429825236,92.3264007721558,118.2327408158933,2.1669299832842674,5511.499575361861,0
21.535452023696728,84.19283419891417,112.59977940235744,2.7156833909155917,6935.154040060229,0
29.497999377166252,85.7863519031609,114.82407874665795,2.5408833638364143,5815.501022444263,0
26.536497604383047,65.01799315467892,151.97294341009433,1.3438904032842969,4951.911492669227,0
29.0643105941948,94.16327674702481,131.2183889588248,2.3110349951530242,4816.8495289467055,0
28.14814420961806,88.46488475897992,114.09039363941679,2.664466659767705,4643.326865820129,0
20.855024945389637,94.98010109859652,133.9390880902147,2.193404260344601,6180.640912452145,0
22.199094799015153,56.03744621806311,113.3236102048798,2.5454902125929832,4372.686554048697,0
28.736468025616308,105.88374704780728,143.46249275173284,3.0061352228503826,5045.222708999982,0
28.051851327167324,83.60410371844826,127.39284384396188,2.5118547730534906,5051.197901881085,0
24.89549203017926,96.08182816737516,117.85395711991542,2.1246542978208645,4498.215807188468,0
25.58663691654391,74.60094072874469,128.95433851620555,2.5225442370423767,3627.5344521158995,0
31.388324478942124,91.12773905062569,88.58247695863001,2.0724439165484454,5322.974503617668,0
22.04214305582085,74.46584436826343,97.4646506218039,2.011951521642478,4938.9960281446165,0
27.735486905850188,78.76231039304194,96.12149987201889,1.8242928821431337,5500.24046943657,0
23.98903673783053,104.14031353866787,122.85886189527413,2.781706679416054,4466.399693560833,0
23.9115939838639,83.09317599236654,154.65029998970184,1.5907856670289993,6220.821298813048,0
30.49388425993595,87.17432873179723,164.62600292385264,2.7661838623390578,4123.226218788155,0
29.12708174494015,93.70067730688754,132.76102202881515,2.2499320618701857,6712.040284017892,0
29.067548180003193,89.95681887972604,130.01688949888913,1.3003469125990292,3252.3634901717387,0
31.527394035771646,86.50418905143576,83.97884531694521,2.1838246464957107,5434.770064556891,0
25.105019208163796,88.64961002466225,109.14652400531956,0.949986746174188,5475.430682526623,0
28.40976485647482,109.03415585238275,104.24432496183522,2.312754008415518,4204.442932059118,0
23.44866621703272,84.42381202966415,107.58304803497768,2.4426157414944956,5424.393937861013,0
26.62083176244221,87.01099046714967,116.63712362830421,1.7038220221739733,6279.518669760158,0
24.349284728161578,95.50654396007612,110.55818844605746,2.061773847977791,2783.1811606459355,0
25.48497982496359,96.05525932957984,80.41400379248424,2.977078716875143,5502.744807490814,0
27.97578512718457,96.8703030556038,134.95820512235068,1.7471266478690317,2506.7291796699224,0
20.908896583832636,91.38730222029184,98.54513948520386,1.4705462064716999,4034.3351964767917,0
35.4619363784273,73.56995087269516,124.78493728222298,2.7408317012312993,6629.166364900945,0
19.96991309250149,101.33431532301096,161.48165339499946,2.9812935952653974,4418.217966607946,0
18.92905693606134,73.53654606981311,101.61230816827154,2.0018478359239236,3826.1200355910273,0
30.790554367500338,88.02635465239034,69.39424954507341,2.505731517704178,4802.062271015318,0
28.95831346981468,77.45724149980641,114.27991556239779,2.6707379577654407,7067.9063381635515,0
28.120599085260775,84.35861653407008,142.01919269997143,1.6287578837308079,3168.317752793974,0
28.1417275463214,88.2876241030348,159.16694908441187,1.7573470823160657,3948.6900883606554,0
24.938766135765427,88.21357215450273,95.40900811095166,2.6154372565773674,6497.431683179626,0
20.51372814257084,89.21920754235285,129.93398446473043,2.8425071393542547,6857.702343537732,0
25.37902279096863,101.13711269058646,110.69379086439893,2.2814404300871773,4896.568775709716,0
21.61419144243944,89.5353430151398,117.88103291391728,1.5600928232489728,3760.9472974733576,0
29.875598667088756,82.55843364709351,172.8868669403407,2.9935305558497207,7095.843501809159,0
24.264713092489306,94.64087168288357,89.94059343209693,1.7345145510940179,6594.442391749197,0
20.872514016037442,96.89470488924641,125.07479322989147,1.8324311094142742,5678.946987762233,0
23.393070791735035,72.72392184863007,129.35386343530865,2.1711689172448105,4187.59765106258,0
27.06465727137812,90.97400069849859,141.71572649878695,2.7770802103573873,4950.970659161963,0
22.181377235980126,92.01172742310898,121.95966306941791,2.426987988276112,4839.639918955169,0
20.888898022167844,82.02436496640009,126.16101079008205,2.2074327501809554,5330.851304615578,0
26.218436057459563,98.75706813311619,112.16702865156418,2.231644265059053,6451.001438131336,0
26.224832855543614,83.49944412967473,125.38253882490214,2.021757334321733,5879.417041137403,0
22.46528412314435,86.25576453471542,113.1361544900518,2.2790697572592533,3922.623923015242,0
22.644808471908387,83.26928175716131,132.43143779712102,0.7352199611528485,6376.496450019538,0
26.16024968678818,85.15579047581467,112.60779327912732,1.8516962704651008,5313.132140013156,0
17.75957829251338,74.03724913104799,127.54200787804373,2.1206609674583907,5687.065795858916,0
17.962681128117225,70.59949117405705,119.41474372630043,1.4244929581902466,6466.5408592786025,0
21.40777889373782,100.94505063224972,142.52100501544336,2.19316165890578,3888.4197504864487,0
23.932764241440765,76.53038651681672,118.97212552823028,1.8977643895069392,4964.174421293537,0
26.554537827990025,75.08607650543692,84.53935063586238,2.8777378491577448,4468.545448640785,0
32.37678108474776,63.466098863962856,145.23843001427983,2.7865098626074283,3432.1405746345445,0
29.288298116010097,78.61038252310497,101.88535398274762,1.7670972154409186,5346.70997760492,0
24.200307350182864,71.76910206592501,106.9246732270236,1.9245811442166523,7511.556551584424,0
24.904918960486555,101.4201516013637,108.08677411913015,1.9630262171958037,3159.922255494247,0
19.987353176810956,95.09817089342634,147.48876186341636,1.7741702619201887,4967.71938895053,0
24.90743432003805,78.11849654822277,77.28651572042608,2.0975124920140633,5640.542935074774,0
23.55670680539931,107.52435805344308,182.75497067319986,1.620858965556205,5123.078201656182,0
26.613592801690448,94.81765486991594,141.12113618132105,1.4346923325312368,4886.871947484259,0
20.863845282238387,81.75168616491378,124.4647782825832,2.3113556119501344,3700.7836365541757,0
27.596732571205862,60.005942851264265,118.90211998767427,2.3147647921109056,5232.786742940164,0
32.66369456501289,107.90942572590743,125.71108149715315,1.5978421201700037,4243.236022984073,0
24.456199257715713,71.10427533236404,130.42244856758677,2.4476777153812996,2810.0782950214466,0
27.008558610494706,68.54601253043108,132.90431171900113,1.6842111354173344,6194.59222051373,0
28.450719958555563,95.2257043200964,131.11208932006897,2.1265826190189907,5958.385819842042,0
22.993897640570818,109.39752406339272,121.79161362510497,2.410172006306228,5051.66097685108,0
26.120462409052084,98.84272818510519,116.05323159385348,1.9831937176481436,5229.074688205703,0
25.062962003908975,90.6390912005236,116.97453432692977,2.227370456070567,6074.318012715561,0
25.48838049274416,90.94754341665286,116.10183439294639,1.7417851780562141,5224.339656778083,0
21.13495108072267,93.53415558780307,142.6754019373413,1.9017667082859515,5904.017554761314,0
25.122550871294713,92.58928589786765,131.87113444561723,1.8970702845598297,4702.51779912615,0
27.489991456227248,87.81191423969376,61.19222730671439,1.6267108267298807,6311.9837385739465,0
32.25571803897521,86.04201103951875,133.11801553059522,1.911612918442109,5320.785725932684,0
29.796354130426035,84.37406872100478,123.8947238943755,1.2256908505681268,5194.051943605874,0
35.76591228755778,77.46035411133323,119.62582487108205,1.7544231264289476,3729.938911287968,0
21.163262185559752,82.19324923133226,112.22963093822229,1.8575622533151646,5286.955854301708,0
29.361603183603393,68.07043185804615,142.48225439972026,1.87191012375231,4168.045082505549,0
25.91671002869176,84.0166037320525,138.95052924245715,1.8792512770646106,4361.717273471506,0
35.94901466608836,75.11408892849083,104.54244664352782,1.9691179000699355,4184.624371683879,0
20.958508573224243,73.96410682784229,128.1410457424907,2.239720759043032,3933.765068100775,0
20.801390789096118,86.79894151153478,100.56686530917428,2.437258537066261,7124.771403016961,0
22.00303677277989,98.920022863446,92.40763670422139,1.6751173865758664,6331.339061988403,0
14.380521378450965,94.18316606002313,107.4656555082007,1.3983995723054279,6920.367502144261,0
22.371224891596196,69.29499396376823,137.24786944765518,1.4789777938784485,3777.104980444436,0
21.20433669223151,75.10371863429663,139.06250090752172,1.7563985394025363,5071.253749910892,0
25.75196893238104,94.40771187988216,130.26170840194587,1.8240393410917455,3706.492374795904,0
26.708779878885796,75.1751260646169,134.50191573695994,1.6150019669012714,4304.305122802936,0
34.38085419607943,82.75366850002976,130.32356574229917,1.3519416678750527,4081.873016583425,0
29.75211919093025,90.50052099024552,107.17036809554095,1.771939586262906,6239.5840064415615,0
22.115481721687985,75.31655545136366,128.63845089347882,2.0907133100569855,4603.770321898241,0
20.50792664325821,86.0537550614596,136.00819050455365,2.2975147329177825,6068.379333694016,0
27.459595857532527,71.65974505081796,135.0858265962715,1.7212884734458394,5604.1208895885175,0
18.398833964896788,78.98632356048786,143.77826742949287,1.793501088928283,7303.638752104789,0
34.157293829271765,88.19781934142537,134.16607694402128,1.5366508455763446,3520.5557768602757,0
30.897200603606436,69.0700626646833,127.02896415083165,1.9842804148126119,6259.2332397867995,0
22.654121739476476,89.40474737960399,141.40300476632854,1.5757856829045926,6146.440870400727,0
16.434327354545612,84.80362201073319,119.4695748150188,2.2865639066206,4026.6211619729656,0
31.769361870827062,90.52489954417148,102.36250697544564,1.1070667540329444,6007.13333647316,0
24.42730077373691,87.23914134064661,116.73866072112472,1.8201851637737687,5336.144963026229,0
31.189081559867308,98.64140429973844,105.10194710387103,2.150553669595871,4772.523740046592,0
17.027861706028165,86.25224502647907,106.49643450051236,2.091917258161252,4176.064513028001,0
22.003124885231134,80.70594458874747,117.10962658568964,3.3465168319902485,4280.890548550814,0
25.026218498590914,86.22297503032284,104.15160158000077,2.174900012283954,7049.812095785926,0
25.23490296882371,90.43298029036387,113.8407694072192,1.4979727015789948,5000.682818957483,0
22.74967264260378,85.48860070325705,82.12770666092429,1.9522678764554635,5782.130001531459,0
28.114249661737492,85.40591691203882,124.26587414745877,1.1118768332667741,4209.100618332447,0
19.661897853087027,77.98008312193245,120.02410950724449,1.9597001253516195,4220.147053778361,0
24.288102574893532,78.37099082449052,103.65822737863618,1.5834719714996206,6081.984809249942,0
25.601478158559495,70.97394728200307,133.1849133686481,2.457695137780081,3650.423788448468,0
27.572194170293745,102.4957674318694,138.75140275253116,1.7252298627022324,4584.786232094729,0
28.55807439044445,72.56136764608715,87.84880271262051,1.9416170421023766,5034.027411072232,0
19.376789540810655,78.07094802204092,104.74550442867572,1.6822210792977983,5111.372601840052,0
17.32942914632189,77.81592734430802,104.61715300425404,2.8694256759266654,4820.906714983844,0
31.388384109492545,93.94924376944441,101.20193797782271,1.8393786169410442,5395.819781095923,0
26.661570059897958,82.05050321707972,136.58949683863497,2.916278521739601,5692.855755817812,0
21.25756731721723,97.47742072673734,116.12347722454393,2.407075881059133,5734.63754545933,0
32.75575987761262,78.26509375756132,114.70970317378779,2.241033363667693,4014.1961913321734,0
25.578373171464293,87.78994162223802,79.92275271186493,2.18436657365876,4715.844902071203,0
30.896485920319133,76.64652946740243,132.70836060418452,2.196898649108126,6194.762861876938,0
25.337592407050543,106.45149127773388,95.21483210293056,1.036163710327195,5894.6471875738725,0
35.303739624409936,73.12401580970487,121.19865260532657,1.8605583029246218,3627.140548518936,0
33.77670421221602,88.09820710227028,125.54753875916383,2.422578985592161,5351.479900352202,0
23.75517925760463,91.33776880932099,147.21317191677304,1.9755514082629473,3021.77475062519,0
29.85785475477178,89.13799097451498,93.82359201761776,1.2974050765982126,5046.9349020603695,0
28.226879747925736,83.14712341122292,59.60975688358349,1.9737977747112652,6897.767016745977,0
31.843157787661745,83.70179300266574,123.6769908950739,2.8520527581277455,4052.1072827310136,0
20.17538269709948,85.4381147197911,156.01022363021707,2.6234458577673596,4165.676954508418,0
28.430257299992196,83.52997998371511,144.77892705878875,1.968997995316984,5764.029781572859,0
30.29212243424794,94.6387911679491,124.19318830549251,2.4757246385290435,3457.198484790354,0
16.20630256788443,107.10523001591352,110.16727628735906,1.8167464898159742,4367.244970114961,0
19.083707436671126,79.42508214992166,136.1424519327462,1.1480642065866404,5596.441137581753,0
14.803839111199498,71.30197020420923,100.52907600591062,1.5377670059352229,4365.714152310597,0
23.652965827777212,84.11717951648745,129.5271553871244,2.781444384254099,4764.030012789029,0
28.58771127897981,110.79709337654319,130.10940318333255,1.863003459085348,5744.185710315034,0
32.51178526048014,76.9632543203027,141.2041981499776,1.878308010312491,5421.546083536561,0
25.370473902098876,101.39116805444067,175.19320077822155,1.8500809018625597,5266.818396295402,0
33.14307772785646,101.77700814076441,127.84831934357534,2.9520682947865033,4660.877720729961,0
18.099492708925542,79.46411758292005,109.82072748585003,2.8129794576810316,5370.061115268955,0
16.483087803224226,90.68983079185276,119.48851375616012,3.109390116724067,4876.267319900244,0
24.722261505516904,101.28396623128538,84.61848190221764,1.9204773947999743,5457.805609925785,0
26.920327244696537,81.20872259012513,106.10573737821883,2.1478122443735477,4503.067974882022,0
24.836526259529535,82.96419639897638,111.81435123773792,1.2416787252896044,4817.431025620459,0
14.662789499800617,79.18319086051356,109.51823204130815,2.7384672130591374,4010.042207447986,0
24.55439980243606,74.85243269307134,123.04709744067443,1.4161102243660326,4964.992389993764,0
18.477652497475734,78.50722454933992,103.55160135235599,2.1083877818813144,4188.999136371155,0
28.348362744150194,72.76059733237743,142.42061334648943,1.451348736183578,3885.9535498380064,0
26.83299123048424,85.34083468259226,120.00414129836395,1.705566586630652,5258.661147855388,0
20.300601068363225,77.30026768941359,119.8139935772277,1.5813687844751498,5212.739775857661,0
22.430665413316532,87.33785911790747,113.44210566974164,1.6960623696620911,5782.873734948573,0
19.70393239055524,69.44104353796372,123.10381367717959,1.7304386484255108,4568.874430424901,0
24.68660451363414,88.30880232214457,136.5019652933527,1.7258656025374615,5408.052846836756,0
29.775711602506192,93.33528961608924,102.65739568578199,2.4166669558901535,5550.797572273663,0
20.07136976832228,65.06264357428545,106.83767021849486,1.4475686034687398,5444.773807831595,0
27.520232577589223,88.74056569847572,113.9254794244667,2.1102707135069334,4174.346317197858,0
22.348711908137794,97.27668992473292,93.0825815305357,2.6089795761527794,5149.363482271189,0
21.03563583868828,72.90358981308795,103.61484280557005,1.743401817743302,5364.140296054661,0
24.464848200227213,101.72572386837703,110.47558252910682,1.641040554626199,5007.178466907942,0
19.82378838790313,89.19019009366045,137.48778361425454,1.8847376874098747,2913.5223416289155,0
22.23175347326409,77.94988144241591,125.2512265800385,2.589862604180355,5160.48962397348,0
19.010610537055758,84.44230922342294,123.8717982273509,2.097053815476679,7212.531039397242,0
34.82362566458195,90.58326912521723,137.01795924335943,1.7343928526962007,4639.960731243017,0
25.176317759858645,85.76005391412411,117.25256423201206,2.24193832559402,4271.922902144679,0
21.50137246003707,90.38755992446369,127.80929699857779,1.4488539250817882,5373.348559711399,0
26.06989955367111,75.79326406920634,117.93556494135008,2.340679755221474,5312.3782104665715,0
24.43835975154585,86.69360824036077,125.30724698799257,2.204303653850884,6192.735165416414,0
23.895152002333884,70.8628550309502,108.34482684776836,1.846095764430558,3742.1318440911123,0
28.070833500217127,83.88773938651299,71.22365683447143,1.5807071007763844,5731.3802525749925,0
28.787538550236526,75.9609235853521,117.31441675627391,1.5566595388582714,5590.422061251464,0
22.34749426194736,77.64470057410233,148.4549627219988,2.2674086681729553,4857.853463059454,0
22.1209087967766,97.36093175210438,138.52430804483186,2.614490251244531,5338.68731792169,0
23.62474151424178,95.9131012059427,139.3079496918234,1.6813461264856027,6029.457481598357,0
13.490394176322075,91.09138120907177,144.72261443612436,2.2291933517757423,5872.315380028451,0
17.42404468900724,74.07687235327421,121.77315181922874,0.9564864906989656,3856.9806879262715,0
31.834371337222624,81.83591550305198,123.94631414811191,1.7076911346714003,5820.158186755484,0
33.22483856750642,97.13097699979184,107.646962091313,1.984470533564549,4935.311394967482,0
23.75481980221811,86.41716913639905,113.678542879459,1.5451582915090831,5072.874098015515,0
27.882784815278832,108.19329539981695,132.31542299542284,1.531746812605202,5073.196991001694,0
26.556250772717682,88.93317839394372,144.0776887433763,1.6661102217655568,4849.75701120174,0
40.39440404227619,86.92049116490031,117.21107448638001,2.1460963641631867,6191.707497107065,0
30.597874557172883,81.908835357975,110.99621470297177,1.9063354907968126,4916.282040150788,0
24.360412042596167,86.33540904782282,120.01055917713195,0.880884383337514,3880.4538716168313,0
20.22229779699787,83.47530163619456,132.0241349785823,0.9396499236824669,4606.4701440302715,0
16.96776839871214,92.0810867668859,91.12290367732916,1.6965674110714124,5178.694716810475,0
26.017318179336115,94.56702316794585,74.07638093725524,2.228843293026776,6229.214784297051,0
21.218246273578483,77.14010539492051,108.98926301016833,0.6262475786373827,5603.094684948834,0
17.88873145201163,71.68767046442221,95.58575148171683,1.7501349119241847,4149.464721252956,0
21.767135578787368,66.63794626896703,109.83719604705378,1.7368760717412894,7485.189916678892,0
19.592259981928024,90.07991326912544,117.04439362365056,2.694168889104224,5264.77531097798,0
33.43570817536282,73.96633393826127,110.93503181953973,1.8074890941435682,6275.390737999015,0
29.408198784747253,63.471094070475175,149.0493506894149,2.191494492370464,4848.285566422771,0
24.960136793416915,88.88578604530964,126.5348952920464,2.0706285700437315,5533.359244705449,0
32.39972069445013,109.9299951743279,126.00948719221657,0.9347167600963997,5839.468504518405,0
25.38684153823809,84.93929088460106,132.44414288086804,2.3841036083158684,6218.194711754256,0
20.69357899335868,93.38490774451643,97.22333764438461,2.107698252728144,6057.368305378225,0
32.61562038634828,85.81829358547564,140.78223574840538,2.254134319837295,5872.197000072978,0
27.694550218423295,84.01110346808858,118.4847142692908,3.9631188532181634,4684.913268805892,0
19.81376922836772,94.19076482987768,133.40961234482424,0.9579435302507058,4428.253958043939,0
24.04830660958196,82.09725455811349,98.56285533919689,2.8623483248805544,5332.607510324197,0
20.621908733076214,87.67392314071903,88.92482467967872,1.8562762402998223,5933.128072341069,0
18.086001345178317,88.21697806196013,136.35779316050056,2.1436644522015045,4777.279299223393,0
29.630887737658206,78.31909546356951,127.52819052195034,1.977243877349379,6065.171965714387,0
34.54708320235065,94.92042349536523,101.9589689128498,1.7878818333009783,6452.616745486179,0
18.007162130904295,83.25040243304592,102.60673837450611,1.7150835358806207,4083.6790809265804,0
27.814846183452854,77.44254840507155,142.5086956882954,2.1647543677865047,4163.07929620372,0
21.746787154390866,90.36509843570404,96.21176214265344,1.2414131516641604,4859.624941094664,0
22.56437308117652,76.01532018208962,152.85345906511927,2.3752895837608827,5307.6126681891965,0
22.038030378805654,85.28181157369129,101.98758530704262,1.791902797557373,4475.432986232949,0
20.68004615160092,84.90881003355797,132.76783851216766,1.434965330479821,6352.202678867145,0
25.242608139724133,95.85895565831578,113.4276304850203,1.7749935710020932,5424.066861518451,0
20.84524941794481,89.74698232879953,132.06374862164685,2.628574608431286,5039.44704824074,0
26.352284128899193,84.74973041254856,109.11771995771615,1.7323324564918885,3564.0904761314723,0
24.748809452754315,93.17766299200287,116.74414187855412,2.17922680910481,3684.1841835724927,0
23.80525976566795,98.90207549017313,120.81838350791442,1.6345218621422632,5281.009250281806,0
20.46218168979201,90.57810306351863,99.95625088437055,2.3789609249618096,2867.4043738451637,0
22.116143347158335,85.10352619843381,134.8164869084025,2.342753869395102,6012.637409644072,0
28.77695612912878,71.8816376764984,109.73572867056829,2.924304416648206,4841.84615562768,0
27.504585938121902,74.34886336924627,115.42800169319963,1.9122180272503924,8243.092969594734,0
20.112223776007244,81.94775295645333,100.11301250782975,2.3343274023789533,7307.91625061611,0
25.49666152714613,78.90487797840717,68.75332682409379,2.0490337697694723,4818.5509307524835,0
28.756935616858947,83.13028697014553,116.17944474799663,2.647935890931507,4893.662997468685,0
16.652973594393142,85.56649924897107,168.2523084322583,1.6405838061956348,5995.5815140020295,0
27.716800961899676,90.2969275435673,135.69208575796048,2.3725026564386407,6703.172609918038,0
21.686881205270765,84.29501221940909,119.6147924053121,1.9026513519416592,3361.970942563983,0
27.852993342965796,89.86501643826202,114.74218341583465,1.967905911445751,3213.6245346453134,0
21.183704217287417,85.6447441481012,120.44931785624092,2.0458762422241863,4377.965194445618,0
15.975589496677404,65.24533433646128,130.9423823035042,2.126120198213339,5582.737583173865,0
16.862287810584185,75.60664606181246,96.3837436938231,1.941885478439021,5496.873590507597,0
25.24042473330691,83.55912444278384,142.28643389337745,2.1073565915852632,6069.77145498385,0
26.29861250860741,72.90305257158893,134.3076263088249,2.789059028781092,3800.3024716346918,0
20.478416874477958,90.99928729996205,134.3637145141587,2.4927248428076094,2683.8561370311236,0
28.19296229388687,100.30750832343698,128.76951477619454,2.4345772962484484,5858.014195302146,0
16.6923996886552,97.18761851697317,120.3923331538798,1.7722302369880647,4171.803727034765,0
24.66960100676342,82.86557129069791,133.4572247193364,1.555379585885838,2981.5121356113623,0
18.944919001187717,99.90726136849952,131.83628267482757,2.4776502791188766,5145.063745959382,0
21.740819460989204,86.48667457202112,112.91918578117952,2.438023396264897,5793.175688218677,0
25.23699335658207,81.62914028881961,108.52796454206198,2.736335337875491,4877.942867878723,0
20.69793317358024,78.8659733645906,122.03712590523973,1.6980096870153853,4542.151613817511,0
23.077222278850872,81.97530313511872,150.98040302990375,1.8852256723198264,4840.637767854094,0
30.0314640460722,81.11823181458772,95.21785848692198,1.1802579187372828,4629.4172375992175,0
22.115540652384254,86.70416222375488,90.64949468495121,1.8037644469695635,3651.9528880598327,0
29.17846056032571,86.60573981049865,123.29521682473033,2.4982852552897237,4285.3193230095685,0
19.351465726711908,85.03046020153414,121.01775403712035,1.766752310385901,5521.279905013815,0
27.649020889576413,89.3693816974635,123.46683328740816,2.3202398976004117,5321.6785413765,0
32.207843103289505,96.90646274786342,124.87906395817001,1.9047484470010942,5168.05980596682,0
12.641777499363553,94.49554135441323,115.5359549073039,2.1620285141107805,4004.8515181466205,0
21.015523722647615,70.15102031550097,149.79726877204163,1.4261543050921663,4818.4968378643325,0
27.8853606359027,59.46078865098045,87.98192043046969,2.0426047248169503,2822.9349535571455,0
23.984773069785035,94.34319911239274,103.43005950439508,0.5044320145496384,5178.47666388539,0
26.855729366856544,71.33121301584579,117.93490479701906,1.9065519209190076,6428.857707813568,0
21.980074066420897,82.75234598107316,87.13622377691665,1.18476337814243,3525.8678679578943,0
25.4329489373645,73.2988697394064,116.48291191135857,2.602997258273408,4414.072326682244,0
24.221613823039604,66.98019562419981,153.22940331456036,2.3887036763822556,5329.106778710129,0
30.838910308299035,90.41462728204787,120.41772976591923,2.2333354909830403,6252.842634427484,0
26.272104216506065,92.59155160302647,124.61401811437366,2.76050311357969,4551.775383699851,0
26.68801331037601,79.2348959927328,94.7967046965484,1.5255417395875814,4307.749670734103,0
22.940615169387662,59.0895770785509,107.67277183921045,2.873681598957779,3031.0768575839165,0
22.561968879637533,79.53755551747517,112.49607239352126,2.4660957821301923,5103.438129308106,0
22.837209060901895,88.91804005402547,113.64569806487532,1.881722356390527,7042.076040143744,0
26.972260711891483,70.21088431225871,145.63287590007536,2.567810073591472,5277.358461964676,0
22.895077595898684,86.83359919779156,131.1538212145025,1.446853243794183,4977.721020816287,0
26.448874284482066,84.84690150827005,97.77084086125936,1.5877429192361632,5322.082310766986,0
35.37700399322719,90.79291499601088,124.9300955686401,1.6957051383801498,4988.907996051398,0
29.355623517158463,86.19580368414154,129.9644349699357,1.7355111459679924,4186.98562773987,0
23.369882339160796,75.26931059118445,142.80298077042534,1.4717211786198736,5823.2799156777055,0
31.006069610819722,96.96571501664491,151.61081373136747,2.6115415335476624,5225.761523111754,0
22.959623134892244,83.4147042697303,99.69811616344262,1.870572799815084,5017.613251933657,0
14.80937732411073,84.72695460490068,103.78284977579324,2.17625248417844,4024.63397272175,0
19.95956844541298,75.66732040926804,94.84844282170768,1.7148243167931598,6303.507931934759,0
15.646040394870722,80.5671774880849,115.31960281786037,1.0896983497257415,5664.70274533311,0
23.24243257979346,76.15197285973099,129.3271674889267,2.135028679195711,4447.079162632698,0
25.092091895947757,83.27053940076577,139.74669033178205,1.0438725122901116,6001.824853681937,0
33.382186561376415,102.11708480142343,118.48097952714954,1.9656829769572657,4502.429161614793,0
26.634636868820813,71.28098857068643,113.60304953490312,1.3158424805835947,4217.996507488963,0
23.90449735595568,68.86438602123259,123.03515984497481,2.993637999615404,4240.296882519713,0
29.147027905917447,99.71170327493608,103.29714196739954,2.4556813610873607,3228.931446911909,0
13.944323454960575,82.90676322848134,161.79077443389548,2.05287689563574,5471.5423804182055,0
26.178072790542828,78.30927261340084,87.84677945763883,2.631853338827334,3168.8551216616497,0
28.854325969434832,95.39904687396077,123.69481157791449,1.5768420112671322,3771.5561687342374,0
17.607068771100792,78.94384460263136,160.4721243845928,2.2717396893350466,2924.411990921467,0
30.718770216034645,103.26009713546937,120.13599689119995,2.099905216859357,4913.930307209107,0
26.69248203747207,91.7792587133927,116.19921929997011,2.132010040666835,4849.679539728128,0
22.923560430495993,80.12088591854297,112.85109154379145,2.6361767500533837,4673.303786813636,0
28.163909330531425,106.57308213265503,116.39216636475184,2.366246051389901,3957.4223053294236,0
36.35346428902198,78.94285076996661,147.4569694935306,2.1443618314125117,3827.7662465633603,0
25.909331275292477,92.42095372009307,75.76276177340986,1.172556281885852,5464.369863546574,0
26.24110293150168,87.99292580406492,150.66867402592652,1.5199768523602681,4449.448068291513,0
22.70319550229878,98.01741289398798,91.5208569509971,1.938645533202138,5316.358321536145,0
20.75077815267604,100.61511196726853,114.66695341531171,2.0466861871383255,4114.751313875778,0
29.151679082721227,85.32004149065767,111.41511159402677,1.434898137663038,5181.062742771082,0
20.719580870455665,77.46582129653817,131.77106539541438,3.205838337789211,6303.278037316064,0
25.357831186096963,89.59972142939117,88.03751296232505,2.758197027626786,5586.165800392783,0
22.611712766174417,78.22284630247894,129.24345332163887,2.3010591601962416,4587.586181783519,0
27.39489912873196,105.13387247526623,160.48619246573705,2.0360184306418723,5257.1989703559275,0
26.66831052643474,86.36535331082737,92.73651990814379,1.893895515049424,4759.334825469787,0
30.187699721289498,81.34678448687892,123.79412335220792,1.5240407699888823,5007.880184694728,0
22.449918005726264,86.84680305864909,106.76035644406782,2.0387402592594315,4674.388947851497,0
23.650625323533145,71.52873710470304,128.51774412386072,2.1288762700713755,4835.664794114608,0
20.106181421088465,75.28385961489349,120.38295554831504,1.3791197122591878,5212.093353074175,0
22.77853369961944,97.00413907944426,107.1702618191138,2.1670882086224488,4006.6413004180495,0
26.88650246522426,78.43105721028604,129.75744569742147,1.9223704755876256,3984.1211730100217,0
28.78494308322676,74.53089017318061,156.08696219573486,1.0460962210613045,3611.457446168789,0
20.389173379111874,90.36652752527286,116.18192416545402,1.5698074946102492,3399.72889549629,0
29.3480296005283,96.85704154662997,134.39515884296364,1.793197233289178,3782.7173077795205,0
31.778189294024756,92.18953310665067,94.13454084257673,2.9438438286700954,5159.46250680413,0
27.067174516118506,94.96047685805816,100.87127246363983,2.2782765622668792,4107.212484508116,0
34.38397906279033,77.43204911430539,129.44812555760754,1.3322592154500543,5513.6144642310965,0
21.131054004482134,70.78189333258156,149.6823205707193,2.2430181447088184,5034.7137487525615,0
18.776726483442914,100.01333651955487,127.1122669757132,1.2263480055308174,3031.4957865619463,0
16.106398755478608,81.77320161157864,113.7388393895369,2.5413455269435365,5654.97558422169,0
32.480221557445915,82.49166983544953,119.98582810846708,1.7644376740910608,5810.79864559171,0
28.27182828177029,98.28194141849058,94.99184532060565,1.9531819056304145,4006.1373251651466,0
24.722076645447725,90.5623000940066,132.09030652710734,2.662898323771095,5420.1915428949915,0
26.399843131599102,89.55887772081607,137.64666124646817,1.356418215707875,4143.501762590801,0
19.372554763508116,106.65002344901083,110.9581933433384,1.3014409074435043,5097.670376748335,0
37.228759898084135,78.56481769619857,110.59915704480997,1.7082003368269976,3735.5015930450345,0
25.646105909876137,94.27840128081237,125.31756459304097,2.5191894255096585,3206.893547465423,0
25.546973973024464,85.57013124897084,111.2656052791881,1.240326962261579,4617.182810387031,0
28.62883311949346,87.68592278863257,118.67734770748355,0.5839222009447156,4876.271053725164,0
27.405046158683568,100.28468426412532,161.99443578333032,1.7744205707955005,4602.320306385396,0
26.119420121395656,90.07835756289624,115.05948598508007,2.27587039995546,3815.969441777441,0
21.04762772277344,90.38296079049633,112.83319695957556,2.6001308748694147,4600.100937868863,0
27.357341785679978,95.72507337309803,107.04916388729681,1.7684193189573005,5269.294752580734,0
34.41012248237517,81.35047270457115,134.88383942999874,1.7942866964419988,4955.106969877463,0
31.727100230774887,76.60790332660994,116.37551653563794,2.5769503671278735,5182.501030599214,0
32.965933133196984,74.55190805978967,107.01253923357149,1.0651291501522897,4329.884799545767,0
22.443921617844076,65.33643410623998,146.42608064546025,1.8057396124084955,6171.71791471616,0
20.051975898707095,105.56207129940321,148.39206009027274,2.095211944962529,3823.8266634452193,0
24.37106539950176,73.96791634278317,107.9915286852259,2.2246093606425172,5487.5602970867185,0
25.278624561443472,82.78746376414227,82.66920097278768,1.7450966534045587,6181.8910929599615,0
30.470957592354743,82.2318670011108,140.15027379673845,2.0172205058529205,5480.908092748896,0
16.537676851425903,88.07406697809101,106.30740348479992,0.7558363232935053,4797.4757729351695,0
32.64775159730307,93.15737212539297,135.81251198325538,1.6708757938330758,4471.7029533370205,0
24.209960507105052,93.60473488359746,80.59792364576329,2.2267543562772336,6036.087651046256,0
22.8655946502629,79.16922561431062,137.85194676598618,1.5088529828726602,3577.025074738327,0
19.93947812369916,83.32878286213588,95.77656141438437,2.0294921107947985,4029.8757396203564,0
16.725716640671152,87.825799504883,134.6152823813305,2.223436250401349,4602.4422345082785,0
29.115852919809573,82.51308873816453,120.28546135672869,1.8287253995711175,6237.653757511998,0
25.36658983594202,101.07345576019992,100.92121161206711,2.0852318854982856,5379.767636040896,0
18.55019550129473,89.90974951638252,111.85927374146439,1.5186337173576938,4031.9542414897546,0
18.52460613968192,92.34877786049817,133.72636913913402,1.8966943601519768,4689.692294615096,0
23.32107650354936,91.62881268667412,122.11788906230468,2.305108084794611,4385.6768559037055,0
33.34510762644696,96.73473857485325,131.6882596094497,2.078486480484217,4290.211007766465,0
23.702043243181976,86.81021558703706,159.5288116903097,1.7067343652180322,5978.889558556779,0
17.48428523440947,72.03168052044154,88.71516776577897,2.1121082021453965,3628.2568707364944,0
23.77128467957028,88.99687951752642,152.3442514993725,2.357304895318309,6608.780855734373,0
23.636382151261646,78.4864310620817,122.08711875046426,0.975029360711261,5828.229690184623,0
11.515566785292142,79.71383318250243,102.02431903353744,2.579537032477949,6090.861670603698,0
24.72852566741094,90.86364018755093,93.39372748522021,1.831872630659464,4537.060487974742,0
23.84532734895661,97.38283071433636,116.21759218445933,2.2127449666201153,4850.059280920891,0
28.48103182406709,85.21271576736062,138.4330022384892,2.598623461822614,3566.848185475288,0
34.244780474726724,88.08833012598964,117.44901759244931,1.3141631513847671,4475.337592933197,0
30.632825147738785,102.02214944635239,150.22309860494695,1.6452794987862267,5493.654847643151,0
23.655556547225846,87.40753179488568,90.97648619896881,1.8557256520621477,6296.063061781397,0
19.467370456291647,111.01683114180395,119.7582210430789,1.6081232394377858,3892.8431831975486,0
37.8667990162493,90.65509645631545,94.95213111173761,2.8674682879184044,4634.494063014734,0
25.29609217007244,67.39237240844182,127.27263765249936,1.5716139530866036,4848.700779767478,0
25.06964645956473,92.53341621104532,137.737747801946,1.7222266102565666,3604.2107978075146,0
24.879374564449982,88.81158384882778,111.58476412637893,2.1021945158014885,5591.3492417584,0
25.990423803839274,97.89752754082745,67.91572286745732,1.3989252369619556,4276.009668257391,0
24.278197940380288,91.73181351269959,123.97896293592989,1.8021596441218681,4804.609648822976,0
22.131689965598817,83.61544016016227,128.7347710346702,2.1587266306250874,4548.050628088123,0
22.26570529379804,72.75701763710634,128.08589509923397,1.8335697978087444,4210.661494280325,0
24.836233648920008,82.90976742713974,144.7156438364431,1.9533065705500259,4992.955014519445,0
22.282876144331176,76.494795457907,98.57892640701903,1.7353339437758146,4784.390421431977,0
21.435771086614178,79.19476550195277,133.604322109009,1.2427648454096165,4628.142117721334,0
25.532151138459483,90.88578404420609,143.8501502495595,2.1607966056696193,4271.538378319658,0
23.725113912895722,101.69904504351406,84.42824831986967,2.8774665358236207,5319.524670782956,0
32.51996494291345,88.9467152982298,126.39303651837955,2.009200815391719,6653.617268492285,0
11.745150958034941,73.04116937964815,109.91640337984657,2.112632058623775,5139.887232839127,0
30.45753425961231,89.4460266822014,118.36954653796708,2.3463613775584298,5996.118214911129,0
31.230425962488145,96.96631486645651,126.95352967076673,1.3653347517266505,3609.7780748465375,0
14.633048837959253,78.90217095680617,110.25542871772896,2.851257329064803,5157.761439293769,0
23.286562029598258,83.65982833327082,106.48583841676776,2.101164398211401,3902.6316810289336,0
23.142795670021044,85.14688194729197,120.6830483497605,2.8159284495445545,3523.0750724680984,0
17.962441526410892,77.1510168691776,98.25508122274394,1.6334835022380054,4260.628592540964,0
21.110916562045624,91.4828043384386,98.28349742229629,2.9090309612789125,6191.899334413572,0
19.447120772670857,83.79051851392218,133.58746565913006,2.3875777470173913,5950.015828669646,0
33.761352217118116,89.19532443907028,97.02411929682688,2.276520042926179,5243.004722054399,0
29.678391965737305,76.125078221979,133.32625001818423,2.117012227176574,3467.299440110069,0
31.357775474970794,80.62541699676589,129.251825857079,1.8757356909627754,4803.719348612063,0
28.608360320216175,92.22381357827771,85.48386542418807,2.6002658292369363,5301.700008901736,0
19.354741143913856,81.27166847908234,106.4487069532869,2.0701799349240235,5175.536229578598,0
22.37739866860113,102.26963851233405,143.88218806094744,1.0164651482064238,3156.206416519254,0
27.44687280613959,81.00363814385398,100.37668937720636,1.4414067691464987,4109.682151980128,0
18.889360955540273,87.24684725751887,110.71191475381225,1.9070771239036264,4935.922235851283,0
28.56499215086194,94.3259083187309,129.24121786503792,2.1549994915827777,5536.29090951719,0
23.798373009209325,70.81634267066968,135.66781018565192,1.9717057555500521,2803.8721789000538,0
23.125895962252013,67.39191188019224,114.96922227911008,2.6094853948968315,4837.876024520142,0
28.554799841017456,69.74343685429905,108.04979610616716,1.0244490679806875,5143.048769878952,0
27.2213165574302,97.62584103427182,148.44739723397015,2.07179396825258,5849.611988516213,0
23.1951691709046,79.48141854107553,154.7779932759516,1.0910103873064227,5692.857584237437,0
30.79664901682124,110.58199285668252,139.5771610156359,2.379856147742084,5582.571318808805,0
19.594683362000513,79.35752401342612,121.70636285130048,1.9527706427789986,4200.059493298066,0
28.07967803472132,86.84551303197037,103.83468556718148,2.209804986012059,3091.997862876692,0
27.96550628984192,100.42109952567876,103.39111186886869,1.568058519705117,4606.947242938599,0
23.452267803430047,105.06092888159122,130.45028210531515,2.6397324658288754,6001.63182520856,0
26.63066511121059,105.61503576636397,128.36796441777366,2.5208623320294254,6393.454527524431,0
18.744432118073483,97.08366230593143,148.03197185892859,2.2917721515059437,5710.549102297786,0
29.620135096034506,95.24062525811462,133.00900185072277,1.9352413765682797,5429.340822801734,0
24.075489317785056,90.92526949201184,89.93839396480364,2.289928642647566,5379.639648385965,0
22.386384897404803,92.78361076166638,141.03895235445836,1.6465537160063255,4443.881253239219,0
30.245046129184445,79.48814283671467,100.03878745371173,2.4277778295103563,4869.93970644638,0
21.478281547286205,76.81801116577692,112.32057456095296,2.8247404471619606,6669.069525826331,0
17.957693518182204,84.96625542589048,125.00400412503389,2.535305279989593,4057.4419942081236,0
17.216854132380483,83.29815377475072,159.9133497956793,1.6351987650962951,6614.778790709852,0
28.030049756728197,80.46771950672725,182.19837112010723,2.1807086586365516,4677.971845507942,0
18.597853237518585,91.96387447456715,132.13446118272367,1.3534292281206761,6325.432109095078,0
33.77397090992182,94.5530520857051,116.33606762559225,2.286195155587838,3593.184990502462,0
14.59035296058139,85.88406886291847,130.690112969611,2.2253017064312695,5585.904201164649,0
33.48228184145019,99.77530081055262,137.75310851747673,1.0650918302339178,4263.229864052378,0
26.05508733601309,73.58310885866496,113.58664748885617,1.419108078043818,3584.7328080758125,0
24.516434440648037,83.06340540720282,155.90422711824644,1.8584305516281163,5218.534042410945,0
22.275404565955252,77.83177679397195,124.60141518382804,1.849570126429587,6009.471788595969,0
26.995680571760353,66.33463382926939,129.95486178182787,1.3952615322905975,4155.058561406504,0
24.81182648787576,84.17319314157301,133.31848504108922,2.194489364676092,3500.9840395415986,0
30.516509410082605,83.78252491616716,128.43173221228912,2.125736804470256,4908.1552356650445,0
25.571138243310198,100.13449743242131,136.77881000939226,1.9028654340107403,4912.564671222819,0
25.75150880730939,91.30811684554777,107.65493626906154,1.6221042499208185,5548.319627554499,0
23.18193893893072,74.75813175670795,108.83396492107939,2.524353563208282,5949.594571364488,0
24.715271881394663,103.54092566334188,97.9969153405661,2.8277035565441477,4940.584818727506,0
26.539008844460295,97.21033695525352,128.79002461240452,1.7582192580767315,6855.503314794263,0
16.449158036716874,90.82097703468615,135.57873007024227,1.6939165414225896,5224.234744535292,0
18.259072889471433,82.73515901150168,129.15545732303772,2.245603832705998,4653.573493993101,0
28.716320470113576,75.4056076327652,153.48984866695076,1.820985310126507,3388.432640897172,0
25.854327190639708,81.27793223928947,119.88807962341907,1.9303013996683829,4737.340479683832,0
24.080083318236603,95.88748619704185,133.37483311185025,2.369826575862336,4663.613054588864,0
25.092169665326967,103.84586305934609,98.16598247721372,1.0453219562463536,5960.304796281471,0
26.737908526808354,100.43243528272188,112.25800595051199,2.6591511624263346,5462.483624066854,0
22.301201598453193,80.11150578213726,133.91075515131556,2.0363402621646705,3820.630878367383,0
21.108476372988438,73.80382566710989,136.98204221486287,1.79425342771891,5172.254386411038,0
25.979226275488408,86.40886246911204,114.12066104671635,1.9553829228892756,5671.531171729053,0
20.10813611192484,67.31560634437149,118.56801496283866,1.9812146775102593,6528.031359387833,0
27.041263778572358,88.23167714184781,89.64252506638381,1.1343993482775372,5887.503967414059,0
16.4870819788108,83.52397413701331,112.85941598386782,2.747469113726618,5760.846654311477,0
30.14577818662822,80.33963498131757,137.80766327039572,2.0206628161353093,5060.085994615164,0
27.362987412065216,69.05296932733205,131.50410032213134,2.2215010652236877,5388.31200542345,0
26.28014867156938,90.13600106569717,130.01331442762418,2.4757748852870214,6249.504900706159,0
29.91345491972757,79.6729916033809,120.9954737436192,1.48941877121985,3667.22260252035,0
33.32737222231288,73.30083164289712,120.14126317256353,2.2367359495176142,4650.560672783044,0
30.07185032509065,56.2773778671835,106.79357721053105,1.8661794545506032,4227.431251243759,0
15.795628843341774,84.72485094949364,133.97656840405068,2.423385387608247,5379.153118726124,0
18.602115166321493,102.72251596669744,128.41945888778778,0.9363862898242523,6230.222175650788,0
21.875907111521606,101.6125921454787,129.84037695985597,1.9504528498793654,4403.025713278927,0
25.13045525105417,80.42903743413729,109.47930314664839,1.6985896721080191,2609.695632530562,0
27.588295102345615,78.97787939638219,76.93314160257512,2.2161314753170775,4587.7792549755295,0
21.371280934232672,89.68774256075024,141.9430542350739,2.235022093684101,5913.473732017406,0
25.93383382238539,75.01614560811709,110.42325087983191,1.646187052588987,5537.62990294988,0
21.22308533823339,88.01791899819466,102.74448471913759,1.6439130679119782,5428.186247810576,0
21.942410985040258,92.6608027838469,133.86957823827987,1.9446673157213352,4720.00669812552,0
17.96669451575889,97.26933223884308,112.1597472016174,1.5516788863423958,3720.9692637802136,0
20.38383376944548,83.99845923520047,141.19872768093245,2.4209918477260635,5515.294321624468,0
18.24157697191833,82.96326249823034,132.34011899153396,1.815396399776277,4165.718189965375,0
20.120633735113337,76.2201741324344,133.67138646400954,0.5465058903391793,7184.0967333804565,0
30.268208983039198,76.73119645960139,92.68088577598931,1.812588971689097,5570.507208354516,0
20.253005555840286,82.73521108098473,144.23887970772802,1.480728089578014,4419.351697446049,0
38.161910324186955,88.67365506816178,125.22501062467713,1.1843620922695273,4388.614752611372,0
27.466589504404446,94.13584626233249,112.61445721507593,1.3812866808887136,4907.055793386412,0
25.92418061847437,76.96821049319655,122.86776934684502,2.054704235916485,4760.49807797825,0
20.708211099093933,99.92688568959522,84.4752953420336,2.6643204141241155,6116.833775529954,0
28.501549397044958,82.2887639895743,128.17305622961342,2.15659223693249,5186.416169744047,0
22.12181086881113,84.78632705651565,99.41256983635857,1.6967483058921302,4268.368261091472,0
25.610049073226808,77.52788320852177,92.94659428312931,2.2279520975853515,6890.440685155782,0
37.800422691343975,60.75759739727059,89.55281627564219,1.7704548448905042,5049.308331520223,0
24.51970050137675,93.8404539636105,142.2537674997985,1.6526998154184276,5768.839675968897,0
30.74636663142838,92.36843897092433,107.41473212614423,1.4228186658835078,4391.77349255524,0
21.48411787437056,82.18672442881787,150.67455419833,1.1240855966241403,5363.115627744523,0
24.82505754751519,85.66990717224871,109.28397073895404,1.8050381467202774,5311.109991143196,0
33.85400317817755,90.159392177041,85.85284084814106,2.079026744960066,3110.3507079038473,0
21.865164711061162,69.37454143113457,97.66951120102682,1.951688164992555,7015.27511046064,0
34.062242789984644,79.70947322653706,144.71623240013878,1.7920165360263207,6290.644460922547,0
28.538759677277376,92.94264679621827,116.88203644126665,1.5271269696516094,4602.804683854012,0
22.18766612052866,72.45710576830751,109.03425407018798,2.3041230958424843,3897.7302595441442,0
28.162038695277605,87.9355793216663,123.20036451705576,1.3414340400267075,5347.561613803552,0
29.86277224813365,71.43418195376594,130.0356547233509,2.388013956921738,5086.697699414397,0
28.10904981108598,89.66429982433526,142.3479763180492,1.4988914905366375,5355.66894856323,0
17.148876400547717,84.64358517702516,148.9699845978585,1.6237823813234824,5191.5773961940895,0
21.364314120875658,68.8486818409449,112.80462708421828,1.2666074046921616,5506.240989305926,0
23.762406822242475,96.64739354457171,93.47904627835923,1.7492989265571817,6447.305699391806,0
24.62783285449977,77.65408423201951,111.73069677753448,2.4876562292389894,5568.103205128646,0
28.103360487753392,76.89747562985619,125.20561013165772,2.2578140442219783,3950.3445010900587,0
25.888505004666268,87.00569197230944,100.72482147578778,2.4892110560140175,6362.562852712452,0
18.323278206449494,96.48637349428715,100.85698170209915,2.261071272966968,6640.614563488287,0
26.900989255029817,74.84178181021603,126.87575763099771,1.4481650857348154,8152.056734512085,0
28.052928726419115,85.61679849847971,119.02695296859098,1.8346053878362214,3876.505966760402,0
27.7989522396552,89.28816500330574,120.65593990823173,1.6099004354412687,5242.882013150275,0
30.403903627773108,91.93105607263143,104.83009330599862,2.66528745201952,2917.901296811013,0
29.16961077274452,86.76441555277225,115.39198571588466,1.4016056767868443,5553.149156379209,0
27.295900396142184,81.32972160916678,101.51533711463391,2.4468488446945553,4451.799701833227,0
24.649171442706766,76.7240977935128,137.80396822249574,2.4464769350543847,6923.445794824953,0
16.69519533242004,85.86143883046375,140.70498669447505,2.914810100858044,4225.3850299814185,0
27.148091095662927,74.27860988014393,83.07624275523813,1.7951567036852514,3310.816962032738,0
26.038438435815557,55.78649516505393,101.4097827961518,2.356161079790081,4528.7362592974805,0
26.357894185976868,89.36559804157667,90.06941489819842,3.1408259182694214,3024.5122287828626,0
18.616257120898453,94.03934841086195,106.99952131186204,1.6911791615331517,5751.09945450731,0
19.594717297958688,61.37067564458162,118.33124060419279,1.2324798762338203,2934.9169537436796,0
30.26576426666452,74.90269295290062,91.0070956060294,1.0599949830461182,5028.457581183159,0
24.802224230716725,91.19154261005198,101.56280373749374,2.3563560144306654,2922.188180143803,0
28.40750348686312,105.574954697117,99.92085255837003,1.058424895970708,4679.702195463358,0
25.141591880652307,85.20793707675408,124.14534658797888,1.8138404735310385,6643.378155804534,0
25.148780697478728,77.71997058770866,121.386886740725,2.2186565935194804,5360.647891435795,0
33.092051160280526,113.65485835554071,214.61915711134984,4.784039479649768,8760.530408203034,1
39.75037208848733,93.64687389800855,232.1578959563539,5.937477492506925,7913.906952388946,1
40.14413497635557,95.21690598918605,173.62151652764035,6.635066394527519,5906.827242867392,1
43.78104276674725,95.45384420547988,210.45785359582942,6.311693449272661,6938.133588988887,1
29.06513309375339,111.6580297621091,196.24476714850508,3.907858406571267,7605.879878470244,1
44.74053819077864,100.6052708572549,225.40646311654743,4.746323922457619,5606.15904713883,1
18.3648669471778,117.4109587846328,196.54327302343407,4.654835294550203,6891.457012965151,1
34.96092358108952,67.18060005643414,188.45171334769756,5.489254535076328,8978.49550726502,1
36.093809260387644,97.147222023083,216.2272555568297,5.686353555014533,10140.958046433825,1
45.06661460856991,93.10919058633425,226.285075015737,4.161107325974264,7370.847871012174,1
40.18104682141495,106.15488982441262,179.94964415459594,5.0678385139169375,9134.732531474148,1
28.75549556914971,101.92928362264792,198.1677298594287,2.9800726678438636,5128.909894118799,1
32.12005499346388,121.9676566984365,168.2467809907504,6.44194500580189,8989.176861670418,1
41.589440076379255,82.10994842509913,125.05816947521181,4.487625759323306,6794.0773779087785,1
39.36746126508355,110.68237214496128,206.01378894241188,5.055863939844497,8461.018425061955,1
35.36700712291403,118.37504634817559,218.26716068763895,4.690350286011939,7628.371372640436,1
36.15332968390417,137.84971154842933,207.86200427260178,6.146027575013415,9980.621014675751,1
45.569343977274315,102.77351043359788,141.51314846736898,2.162493558602621,6688.346527490123,1
35.858459417046284,114.86687906528776,189.47451709770576,4.983389657674091,8941.409446342746,1
39.29527004776742,82.94205811156453,133.44956719846755,4.894181242502302,7580.7388050552,1
57.35949270464434,74.12065693530465,241.09103322962554,4.546363612408317,7762.541782985504,1
28.610538904928617,122.6716156367255,167.41836253645744,6.726226545635632,7724.219160261186,1
25.18525814740273,109.91659559527893,237.6621082837969,4.112670541144229,6731.490343258831,1
46.26871731838885,127.67769034697633,228.37608931052438,5.771796177235661,7978.851551139993,1
34.570855509647174,89.39895666545377,172.98228942391816,5.356252788706083,7906.027666817267,1
37.45409977805904,117.79853209293128,166.01645146196765,6.261519252535516,8361.860372610094,1
33.75074897495109,138.03226760815778,210.51110649159014,4.3328109152224945,8126.757718539294,1
37.9215988738599,116.29558412535899,174.67027888450787,4.267031100876241,9196.991824418354,1
52.78830489677073,114.14872258386573,203.07453926474622,6.096069907477398,9385.262924071052,1
46.417027668944954,110.12834121236524,185.51517227579245,5.42532130833011,6424.065017258298,1
46.89778809509582,86.43677814311133,146.565247566031,3.4550626533232416,9303.158750886156,1
28.670183553658838,130.3335940356552,133.08595942626624,4.46069498553673,6220.495359335218,1
30.790770107577046,100.83713540292402,206.80052745483792,5.386382653848061,8881.783832206602,1
17.287370724116585,117.56724884574525,183.15326761008123,5.837764221546589,8929.608177054302,1
33.52495343133797,86.5544854014312,183.40730549257603,4.320769346807045,5133.024662506245,1
47.653625491085265,92.3081050323833,220.87591517281356,2.085744010183059,8139.468869794115,1
44.13557212598697,131.52631098833353,235.20326829897334,5.5232231857370335,7297.255829959527,1
38.22789389638301,104.79046566563235,191.82365835914572,3.779679310056024,6861.8521130969375,1
39.821597730255576,131.79913214063816,189.78203879270416,2.9826612018775887,10026.278496048508,1
34.48891565939675,108.82654011412224,215.0042909934165,2.167674075015859,7019.481289043872,1
41.638071059214276,82.37153340563214,159.29193290901276,5.813980860197741,6790.434606322925,1
46.127026235844916,123.3810139959758,206.6945916424309,5.128617450404967,8113.54241000764,1
27.07290570071622,101.15161523366588,216.55657915466463,4.774343619287748,9028.384619447625,1
42.397181502698785,120.48033220275565,220.40690625252887,6.389024362962761,7787.52712098481,1
47.45947896763734,110.37816301310123,141.89741892492606,5.637324683023072,9749.555818503879,1
36.679197688293044,86.85322658085694,177.1593419057318,6.6163000427219165,8796.463492946135,1
45.60560489696467,112.46442148055854,173.65210241529599,3.6072645278330038,4732.683020402855,1
62.517235555780424,142.943347132292,202.99660863227638,4.9654493760460365,7205.799554739488,1
39.16525765610486,117.39479687771689,214.42233739303953,3.3832866250519857,7157.236850972451,1
43.14645640004259,109.13723370491806,244.90131222337945,4.770617668144533,8719.041430144134,1
34.095543330708864,126.13015102935347,185.1510355889578,4.751384146233323,4062.7744154388324,1
41.450009300816404,113.16002697804666,185.0728250507236,5.626613637263071,11823.514563076584,1
43.68217299985843,113.14301345394192,234.49016056636242,5.045563881141899,8796.539142341315,1
41.5587387221611,93.62562241761346,208.89730815590914,5.623407138279916,8223.315205876537,1
31.842437442329146,113.50772038684397,238.02954533563923,5.703440133138894,9772.35157462872,1
41.65089417060361,125.53165124625417,208.6618400902951,7.1549286773831415,11515.481079218938,1
51.69756750974109,97.45906771849963,165.28650143860187,4.684703344713876,9306.119966882605,1
43.58908611611622,131.36743731870422,160.0061493566658,4.058977299333621,9423.21964470743,1
47.69589751257473,108.6244096378231,153.45463252823214,5.246083615316409,8196.035036696574,1
38.10390423989898,96.68345732692188,219.8615550427542,4.197719972860456,7787.711369949578,1
45.99920191538968,124.96448115380366,235.65790469261026,6.481960768436536,7286.3068339926485,1
42.23414270573221,105.69808646392596,255.48086424159143,4.716781961054767,6760.832012428187,1
32.392714162502145,121.39272331229162,225.2931599696972,4.43442363212601,6969.478850450754,1
42.548168038391,105.62362051612195,234.88515732604958,4.528684278848882,5974.1660534855255,1
32.06642669247751,109.10260784705144,182.59951002038946,5.7184174234716405,7886.192823972465,1
34.93695780092166,117.40340306501437,165.3075254976843,4.842253016768515,5472.99863416042,1
41.514626458338995,114.36345586385009,225.5023799725266,4.358333179869618,8286.374786215565,1
42.37795418704099,80.06702329322393,212.53042256718203,6.665351917623531,7945.504087936487,1
30.486140279382965,93.18134389858412,203.2233312302268,4.14383015933825,8220.402947580033,1
48.43188616946301,123.94114977186223,211.6211444189897,5.035566074032993,7216.802644970011,1
44.57605022640378,108.01795116647679,209.69556447374617,5.65230615161023,12615.290555270756,1
34.36217251511293,102.14403045842867,238.51450579560685,3.3686648895829268,10040.173850270468,1
27.699321628406597,89.62138977113788,238.84956754450866,5.480260501405925,6133.186249872916,1
38.84076336734855,93.80395518086227,216.32661057021042,3.9448923245195506,8349.302131140348,1
36.43245028911072,79.67302040057079,225.37408617688786,5.822782780834002,7087.990785594015,1
40.90512365642418,108.480789219477,215.4218765727433,4.037348988081024,6478.2804099388795,1
37.09506671075547,101.0234362912843,186.16490803896144,5.692769031848861,5989.891893314098,1
23.94034511403992,95.50118163522028,222.6969402473942,6.1058330662947125,8648.325036138882,1
36.893224493590736,108.9781486224807,158.16514793422215,5.861436525632805,6977.929647395639,1
37.5550471114535,115.45955946279108,231.6167465688765,5.251316648238102,9451.739036037807,1
45.06928819819247,141.39796898314916,164.16431180701895,4.7686990570703,9490.673321795659,1
34.414402603111604,87.3217487065518,208.57409860384197,4.423580423665156,10060.871577817174,1
53.429397386980526,127.39071564950783,174.64538124721523,6.471034690817104,6721.419850888845,1
24.70687559478594,124.59652341522607,216.60166949223282,4.300504779832357,8713.048416038015,1
50.489339982420994,98.3136089093495,198.98224322216274,3.962933926430004,8948.68132496345,1
38.205448232975165,113.04853931879046,152.15732125510004,5.66536893503283,7288.732737344053,1
46.87667897874845,103.13550125993577,212.62098893055438,4.203863196813504,6842.342063910687,1
40.63841187246987,112.78532870628108,182.66237669501868,4.049936502533873,10414.280998663959,1
49.11644428820375,132.63696520106825,226.43440162440106,3.5563957378302353,8341.243813598081,1
36.90110428357751,119.0840934894697,200.03977066203223,4.517090160539483,8953.951626067606,1
31.2110365985775,117.62912559850163,211.86262956164114,4.917284976103507,6766.885982258109,1
51.364034298168505,103.54536020068036,171.27293134954365,5.2430917276606985,6171.073300216709,1
39.09215483294287,87.73915002613498,182.32003305717913,5.9513062442994835,7145.825338261834,1
41.77246778899369,106.87297684189389,186.24084091696747,5.526897923665794,7813.967918915005,1
49.87801531235836,128.09912232295872,225.70107440727668,4.80912778044682,6403.669989773976,1
31.74435806324452,87.09248215115528,250.32131263416468,4.8018043236202805,7985.232787024425,1
44.763927181114056,94.17365947734957,175.8448474477137,5.5101574689151835,5467.24221789725,1
35.280841948296874,111.89401604351102,232.3054443397304,6.272570162928569,6319.928866295191,1
38.942645154845025,95.23017822729106,134.90967746822895,5.1263141994832,9006.366872415312,1
40.57823172307431,98.11214829327182,164.17431796723133,4.530869145789591,8905.685780416841,1
27.998225108424514,103.64602127407734,171.23664631439675,4.007133998914455,7412.1848519197,1
33.769303657436524,89.51573893714776,159.42473931677833,3.5547947355877745,6473.35353638457,1
50.808583139305114,95.38817230675447,152.4923483063726,5.666269672043523,6458.894672710983,1
47.08952950867837,120.55141875180963,212.38996736413392,5.577978523639557,7440.097631088029,1
39.49888338138212,90.38945326653554,193.57796906816415,5.577363525106661,8966.777737467937,1
41.944987668103145,86.03191798257744,211.3821619281533,4.871340553647944,9392.368537016488,1
37.64605995490834,100.54962530699159,220.7141805836454,6.406934745891751,7255.2023967770465,1
50.85266708662385,120.97933253764768,207.968509795176,4.515881505415182,6269.7613610228245,1
38.39717937764669,107.04617288004665,219.73289528451122,5.955269237207205,8401.7654567995,1
41.85473673707878,103.03128382826573,197.91403141273193,4.961257105010457,6764.697544061226,1
49.16824115313652,110.6653819627341,164.39019835082766,4.391649235320663,7222.621041708197,1
33.78102812123275,83.81438850710522,231.73442542462388,5.5925303073177615,9987.914135655556,1
52.47031347597515,117.42058480662548,182.3266360165662,5.409636118683994,9240.673142848653,1
27.756308722052985,115.75152547105466,171.9321110371272,5.3569727592669265,8236.961468377178,1
53.03713704890239,103.86037288856419,194.66246372586807,5.081278422056199,6092.1214983309155,1
37.0185953283842,125.08886767694625,172.61567242110462,4.962106918283169,8317.094851205988,1
38.05841001739775,93.08755851570442,187.47708854031703,7.3883719928704386,9593.985936181289,1
24.87991863053646,126.91863489880353,210.321617646904,6.184256645196173,7436.549501351697,1
36.361642260978456,112.31740498392877,210.45025217738382,5.722826894985512,10026.671134980072,1
31.681547751784926,104.9517111518274,173.06509800723111,5.111799158203389,9939.11793427731,1
35.13882923701222,109.70189546947533,185.36883881153767,6.007157200596669,10495.59924821521,1
38.901512273688965,108.39102851283587,232.22999014310733,5.517994776391452,8457.86468979703,1
47.662332915783246,128.30424344626576,214.89200353201824,5.026204752774036,8881.087549709018,1
41.660826811205006,93.84981308793479,262.2519511804563,4.696435674734085,10121.280932496635,1
42.46141322720891,98.56221141280102,235.4038452122458,4.919082662337312,8671.090905603463,1
31.2358448892355,125.5445433810872,234.32879205679816,1.8295742641219443,7248.148838314681,1
32.95396728317816,101.06697597224212,158.36394348632595,5.2106008392976415,7327.185745208208,1
54.389800146810494,123.50799615997387,222.91581054900269,4.51152391988964,8357.832430660608,1
34.11839172189403,135.49153974513064,198.40679594909267,6.592669998282884,6064.157867080672,1
53.24966601645836,103.97307459587549,183.47054589385252,5.019344070811754,7785.111626953711,1
38.05551040895307,120.22043489862958,205.04046021597586,3.8110365804650383,9644.82067734538,1
40.01830348914803,92.69461577990212,228.3563460383445,4.950119845871883,4713.119223252079,1
48.56292128183944,121.32099947101713,215.02494773012634,3.953878914937496,10301.723152691773,1
50.175139375509254,112.9913597898015,173.6457859597382,5.473407415712466,9683.561328054739,1
39.1134995177673,117.09557423240322,222.27376740777862,5.290947364339486,7310.353076254286,1
36.89405557182769,100.31641891946907,180.8723737377211,5.957839631108268,8815.086241807714,1
39.55263641182229,85.08374876649242,206.5004935689286,4.209118208305434,8004.72159035949,1
42.70366022585694,117.54878097124256,190.89949797568596,5.034008096228146,9844.985552658025,1
47.130429494958044,79.04895271280819,193.43401244793122,3.6349782045733647,9474.024714154912,1
40.033838871953215,105.23974261636198,222.9872892512153,5.701494781924715,5899.893915225486,1
44.95109038418523,124.11772799629955,168.79418840552307,5.518871180440122,8880.893620196264,1
53.10687785816753,112.87846603809554,258.355852228308,5.495805021027571,7691.558219535129,1
43.050476898118276,139.2251396718472,145.3674179211651,5.001619031356941,8124.24885577715,1
42.49322284803823,125.3766372887266,182.0699695023543,5.414772890788791,6907.742148545277,1
27.848713399279458,100.19152417511636,211.10635669825223,6.604339108308596,10622.205603681254,1
18.954158905367493,110.40970069777158,217.5294249930593,4.714905742957986,9560.092729853865,1
43.10700583384135,109.28943946183347,196.98572838284883,5.138645183710085,6890.343254040549,1
39.241406149753026,86.26734854980809,198.27827890995374,3.9138737008185904,5998.084089634651,1
35.88173860068206,95.8940162527347,212.3165025598285,4.131739038401667,7421.491053533227,1
41.94824163349076,101.5885863953021,193.0679156762696,5.097813293093307,8651.753969136958,1
39.516770166424735,79.45669245716095,241.79543773804718,6.103933546701907,8360.308765919335,1
49.02224200507119,110.71240202377464,225.18047342694805,4.743719175748428,9879.699237152365,1
40.688886946071825,106.2639223302044,226.18473053016905,4.764083470687876,9184.879583271279,1
34.02461371943866,84.90659148032638,171.0152982988875,4.593114755495625,9454.35353862936,1
47.92132991167431,116.06319297915998,197.6183472678289,4.465243329155677,8490.283100915656,1
38.26295140043038,120.7380911703644,190.98602153837888,5.294971455708821,5916.051904683514,1
44.21229346937846,113.40551718297333,169.83195872931603,3.5027423548213554,7706.452203279648,1
36.1807143504576,105.13897737186545,210.804925518373,6.280939576666728,9590.134609862998,1
34.80138491602051,118.87163227627782,183.8706272666055,4.33457770187054,7922.715607213031,1
40.67334584148557,120.20330540715037,219.6621148955071,5.721903485438141,8754.63555293562,1
40.10262914834948,114.61105354579533,167.89425311317007,3.730001402606124,7521.8775271308,1
43.838616282934666,97.63081624347859,251.57121838525464,5.668840130546219,6455.282227187232,1
37.85083397352206,114.1490114826677,173.11002024223814,5.671944607814497,7814.9839039308345,1
25.30912172983682,127.93220976238219,206.57907011601307,5.3842020720058965,8463.571164548981,1
36.53780893129289,101.05056412082405,223.75577931164202,4.005571478200208,7016.468420807834,1
46.35054773715053,141.46909008698645,182.88078709399662,5.249548189598077,7646.433132714998,1
37.62099136605515,102.11553599021923,225.57405930298853,3.8169438152656108,6590.805137021026,1
38.02893277988362,110.48610520010205,163.1244920659875,4.747236744903814,9678.867376346145,1
47.8910120472475,99.91271605990495,243.5635309754768,6.029413100955326,7558.316363617949,1
34.304214181928614,113.3490625388039,200.42447794897274,5.7967019270707425,10179.133317689275,1
27.657574254056804,83.86667461047088,182.10765776093362,5.0151829425404335,10293.121775811363,1
38.71495104379605,101.80937301774918,191.02454682717698,4.025193424077158,7878.4310529173845,1
36.126608390010105,93.61818199477149,224.26757808178158,5.645587712174193,6487.326901178975,1
32.27002944197397,112.03007521838437,182.46634124448684,5.019381237698025,4871.153183399994,1
38.596972352810475,124.91671063263361,177.51926931731668,2.6796844017695767,5791.944390459813,1
43.93204517797427,119.69009280671827,193.35390207248784,5.782629826316518,5939.24776265201,1
39.92569150745747,74.42510958711662,164.69113661690096,4.975767166130308,10067.704441192258,1
42.4558485814899,140.6310447939182,254.61631723825445,6.202451247983072,8173.736880840419,1
54.507261588123384,114.42919910931303,183.0081622635583,3.9047294811571955,8584.40678613798,1
37.25696910753949,98.35251289260499,224.9485035854121,1.8232961868039994,4669.368486597311,1
42.226789077157356,112.3569187848641,206.28410250943318,5.279083858345185,6203.050356174108,1
35.92629309920692,112.64284733754039,170.46397848554096,5.291563676681973,9330.61966466943,1
33.22912224090422,99.99726924572654,199.82135872361812,3.309328372393548,8430.161168573879,1
35.32073877265784,112.96875001013113,223.52008337932244,4.021500454133394,7779.192081971604,1
36.16993142782649,100.88791568569539,194.3521599474108,7.755217743719902,8847.263537900184,1
42.87580638037701,103.93457010964966,235.79338837553084,4.694389385846197,10453.696709203723,1
58.792606293606056,99.70581296367374,230.64546178345591,5.7309589763762165,7668.4363046944245,1
34.27165250979328,88.5099306539052,227.56744563974988,4.349340172631616,8104.054703987104,1
36.6669975550763,112.18754705323076,186.2102968318101,2.9096971011468433,8288.895378096957,1
39.495015895110015,118.77949154774507,167.6047265665554,4.829741753204095,11588.164452910989,1
43.166390789677976,117.72325394114559,181.59237183911617,4.734395439713895,4850.965603371462,1
42.10840649563828,122.29887878952852,205.88722822000162,4.6001217613316285,9024.834522183211,1
50.272766351584934,114.86510315022302,216.37360140597067,4.885359164493607,7827.796626861405,1
20.588863435718334,102.00911752674645,134.85285785718656,5.264268271645636,8850.15758927627,1
20.90456103843462,122.59495796646783,199.7566039516475,4.849883048746193,7013.941169007913,1
36.032974623918804,89.63723690237097,204.74267675969554,3.7359938320526362,7926.552453712325,1
48.77840150034967,96.4899292623128,191.67367231053345,5.486184791561939,9067.115869198242,1
27.47481574715523,95.53699892865133,238.73821517047637,3.0506282446775765,12669.365301565762,1
15.938941282449942,126.20084088708965,212.65340222752613,2.9496425427157997,9212.054284103107,1
44.56943524975367,124.14182771210113,239.30575724242692,5.739180494701568,6727.901602954237,1
